property_id,tenant_id,payment_amount,payment_date,payment_method,rent_period_start_date,rent_period_end_date
31,394,5257.66,2023-04-13,National Bank,2023-04-16,2023-04-29
26,322,3098.15,2023-03-29,KCB,2023-04-04,2023-05-14
38,761,6365.45,2023-04-13,National Bank,2023-03-28,2023-04-29
56,173,6708.1,2023-03-30,ABSA,2023-04-22,2023-05-22
82,274,4136.97,2023-04-12,ABSA,2023-03-29,2023-05-06
29,744,5802.13,2023-03-29,StanChart,2023-04-25,2023-05-04
94,251,6090.94,2023-04-10,National Bank,2023-04-02,2023-04-26
36,415,7986.45,2023-04-19,National Bank,2023-04-13,2023-05-07
23,785,4050.93,2023-04-02,National Bank,2023-04-06,2023-05-08
54,375,7568.61,2023-04-23,National Bank,2023-04-11,2023-05-17
84,388,2251.48,2023-04-16,KCB,2023-04-10,2023-04-26
1,346,3797.65,2023-04-17,National Bank,2023-04-01,2023-04-26
89,22,9149.1,2023-04-01,KCB,2023-03-30,2023-05-23
67,387,8973.57,2023-03-29,StanChart,2023-04-06,2023-04-27
50,589,2454.33,2023-04-01,National Bank,2023-04-06,2023-04-29
92,518,8259.05,2023-03-27,National Bank,2023-04-15,2023-05-14
39,722,4623.72,2023-04-04,National Bank,2023-04-07,2023-05-14
90,744,5701.07,2023-03-27,KCB,2023-03-27,2023-05-03
40,81,6215.39,2023-04-13,ABSA,2023-04-01,2023-05-06
49,144,8551.5,2023-03-30,ABSA,2023-04-23,2023-05-24
13,560,7006.88,2023-04-19,KCB,2023-04-21,2023-05-14
92,17,5080.37,2023-04-02,KCB,2023-04-20,2023-04-28
31,546,8174.91,2023-03-28,ABSA,2023-04-25,2023-05-03
34,451,8647.77,2023-04-11,KCB,2023-04-20,2023-05-25
4,32,4940.36,2023-04-12,StanChart,2023-04-22,2023-05-18
99,247,5244.51,2023-04-10,ABSA,2023-04-02,2023-05-19
9,797,8325.25,2023-04-13,ABSA,2023-04-02,2023-05-13
58,822,6620.35,2023-03-27,KCB,2023-04-11,2023-05-25
20,502,6511.77,2023-04-15,KCB,2023-04-05,2023-05-17
59,843,6108.96,2023-04-02,KCB,2023-04-06,2023-05-08
69,27,2503.36,2023-04-20,KCB,2023-04-13,2023-04-27
81,850,6642.95,2023-04-11,KCB,2023-04-18,2023-05-04
6,872,4189.42,2023-04-14,KCB,2023-03-31,2023-04-30
97,926,5209.75,2023-03-29,ABSA,2023-04-09,2023-05-22
28,186,9287.64,2023-04-23,National Bank,2023-04-19,2023-04-29
61,49,2743.15,2023-03-27,National Bank,2023-04-11,2023-05-20
40,605,7493.35,2023-04-08,KCB,2023-04-25,2023-04-30
22,277,8260.06,2023-03-31,KCB,2023-04-15,2023-05-22
74,829,9545.87,2023-04-08,KCB,2023-04-25,2023-05-01
40,661,6637.02,2023-04-01,ABSA,2023-04-05,2023-05-14
16,703,4806.25,2023-03-27,National Bank,2023-04-11,2023-05-07
56,303,4290.35,2023-04-01,National Bank,2023-04-11,2023-05-21
48,177,6174.42,2023-04-24,StanChart,2023-04-13,2023-05-11
2,918,5507.88,2023-04-22,StanChart,2023-04-18,2023-05-23
56,616,4306.72,2023-04-05,KCB,2023-04-04,2023-05-12
43,680,7277.36,2023-04-05,KCB,2023-03-28,2023-04-28
4,759,1152.73,2023-04-25,National Bank,2023-04-06,2023-05-16
3,331,9814.3,2023-04-17,KCB,2023-04-13,2023-05-21
90,301,2396.51,2023-04-17,KCB,2023-03-31,2023-05-19
1,827,2742.61,2023-04-05,ABSA,2023-04-24,2023-04-28
81,739,7488.55,2023-04-10,KCB,2023-04-10,2023-05-22
49,847,2851.33,2023-04-02,ABSA,2023-03-29,2023-05-12
72,851,2444.85,2023-04-08,ABSA,2023-03-28,2023-05-16
72,224,7763.51,2023-04-19,ABSA,2023-04-07,2023-05-22
68,761,1251.41,2023-04-05,KCB,2023-04-16,2023-04-28
65,121,7284.12,2023-04-13,KCB,2023-04-02,2023-05-21
14,403,2375.34,2023-04-15,ABSA,2023-03-28,2023-05-24
13,289,8376.16,2023-04-19,KCB,2023-04-21,2023-05-06
2,677,2452.57,2023-04-09,KCB,2023-04-08,2023-05-21
92,354,8219.83,2023-04-01,StanChart,2023-04-01,2023-05-11
95,803,5442.55,2023-04-14,National Bank,2023-04-01,2023-05-16
85,453,7528.69,2023-04-22,StanChart,2023-04-13,2023-05-24
53,93,4594.88,2023-04-12,ABSA,2023-04-23,2023-05-13
85,541,4681.63,2023-04-08,StanChart,2023-04-21,2023-05-23
91,905,4323.26,2023-04-18,National Bank,2023-04-03,2023-04-27
2,945,9245.15,2023-04-21,StanChart,2023-04-06,2023-05-22
48,629,3972.07,2023-04-04,National Bank,2023-04-11,2023-05-05
2,998,3249.61,2023-04-10,ABSA,2023-04-17,2023-05-22
13,797,5412.32,2023-04-14,StanChart,2023-03-31,2023-05-25
23,397,4146.58,2023-04-04,KCB,2023-04-14,2023-05-21
66,47,5016.35,2023-04-03,StanChart,2023-04-08,2023-05-19
2,961,8754.4,2023-04-10,National Bank,2023-03-31,2023-05-12
8,652,6600.89,2023-04-22,National Bank,2023-04-05,2023-05-05
37,177,7297.53,2023-04-11,KCB,2023-04-20,2023-05-01
30,384,1399.04,2023-04-02,ABSA,2023-04-10,2023-05-02
96,440,2498.58,2023-04-06,ABSA,2023-04-05,2023-05-21
28,325,1224.3,2023-04-17,KCB,2023-04-19,2023-05-10
54,39,4736.75,2023-04-03,National Bank,2023-03-27,2023-05-06
74,195,3187.66,2023-04-09,KCB,2023-04-05,2023-05-08
42,717,1782.54,2023-04-10,StanChart,2023-04-03,2023-05-17
40,189,3916.79,2023-04-07,KCB,2023-04-19,2023-05-22
57,190,1197.63,2023-04-12,National Bank,2023-03-29,2023-05-07
53,114,6648.09,2023-04-05,KCB,2023-03-28,2023-04-30
89,146,1437.71,2023-04-08,National Bank,2023-04-11,2023-04-29
88,325,9708.13,2023-04-14,KCB,2023-03-30,2023-05-21
70,741,5110.43,2023-04-11,KCB,2023-04-20,2023-05-06
48,169,4307.01,2023-04-07,KCB,2023-04-19,2023-04-26
21,744,1342.48,2023-04-03,ABSA,2023-04-07,2023-05-03
89,181,3179.23,2023-04-06,KCB,2023-04-16,2023-05-25
32,959,6560.12,2023-03-27,ABSA,2023-03-28,2023-05-10
77,244,1994.55,2023-04-16,StanChart,2023-04-25,2023-05-23
12,889,8713.22,2023-04-18,KCB,2023-04-22,2023-05-06
1,836,4856.53,2023-04-04,National Bank,2023-04-07,2023-05-25
15,791,9340.63,2023-04-01,ABSA,2023-04-07,2023-05-06
76,762,7439.19,2023-04-18,KCB,2023-04-21,2023-05-23
75,634,1094.48,2023-03-29,ABSA,2023-03-28,2023-05-14
18,260,3008.59,2023-04-02,KCB,2023-04-23,2023-05-05
58,456,1166.3,2023-04-19,National Bank,2023-04-04,2023-05-16
10,18,3759.0,2023-04-22,ABSA,2023-04-13,2023-05-12
81,211,7509.57,2023-04-17,KCB,2023-04-08,2023-05-22
31,572,8681.44,2023-04-06,KCB,2023-04-14,2023-05-13
94,899,1936.21,2023-04-12,ABSA,2023-04-17,2023-05-18
44,371,2787.24,2023-04-12,National Bank,2023-03-27,2023-05-03
61,550,4693.43,2023-03-27,ABSA,2023-04-20,2023-05-12
26,731,8588.73,2023-04-23,StanChart,2023-03-29,2023-05-11
2,252,2677.84,2023-04-21,KCB,2023-04-09,2023-05-24
40,708,3138.33,2023-04-18,ABSA,2023-04-03,2023-05-25
38,677,6696.44,2023-04-17,StanChart,2023-04-11,2023-05-20
61,624,2751.22,2023-04-21,KCB,2023-03-31,2023-05-12
64,151,4295.98,2023-04-24,KCB,2023-04-02,2023-04-28
43,446,5078.69,2023-04-17,StanChart,2023-04-21,2023-04-27
61,881,3909.72,2023-03-28,National Bank,2023-03-27,2023-05-13
51,590,1177.69,2023-04-12,KCB,2023-04-22,2023-04-27
22,958,9719.71,2023-03-31,StanChart,2023-04-14,2023-05-07
73,959,1600.53,2023-04-02,ABSA,2023-04-06,2023-04-28
71,28,4167.3,2023-04-23,National Bank,2023-04-20,2023-04-30
18,554,2437.92,2023-03-31,KCB,2023-03-28,2023-05-07
89,901,3443.82,2023-04-01,KCB,2023-04-05,2023-05-05
20,340,4678.2,2023-04-02,StanChart,2023-04-12,2023-05-12
94,244,7978.48,2023-03-30,National Bank,2023-04-03,2023-05-04
81,661,6283.64,2023-04-09,KCB,2023-04-14,2023-04-29
48,631,4579.95,2023-03-31,StanChart,2023-03-28,2023-05-13
57,661,2529.58,2023-04-06,ABSA,2023-04-11,2023-05-13
32,427,9097.92,2023-04-23,ABSA,2023-04-02,2023-05-05
78,588,5780.61,2023-04-08,KCB,2023-04-12,2023-05-25
36,20,1354.5,2023-04-23,StanChart,2023-04-02,2023-05-06
98,510,7776.08,2023-03-30,ABSA,2023-04-20,2023-05-25
89,605,6785.09,2023-04-19,KCB,2023-03-30,2023-05-20
78,517,3963.81,2023-04-22,KCB,2023-04-23,2023-04-27
41,244,8107.29,2023-04-15,KCB,2023-04-14,2023-05-07
92,532,3341.03,2023-04-18,KCB,2023-04-19,2023-05-07
80,757,8667.64,2023-03-30,ABSA,2023-04-18,2023-05-17
83,173,7614.14,2023-04-22,StanChart,2023-04-13,2023-05-16
22,694,2668.74,2023-04-18,StanChart,2023-03-28,2023-05-25
5,163,1111.9,2023-04-24,StanChart,2023-04-16,2023-05-03
89,781,3061.8,2023-04-07,National Bank,2023-04-07,2023-04-30
99,255,6131.27,2023-03-28,National Bank,2023-04-09,2023-05-16
95,991,7105.17,2023-04-18,StanChart,2023-03-30,2023-05-03
97,729,9310.39,2023-04-09,ABSA,2023-03-29,2023-05-04
12,910,8688.81,2023-04-18,ABSA,2023-04-16,2023-05-09
50,257,4609.49,2023-04-08,KCB,2023-04-01,2023-05-10
44,576,7120.24,2023-03-31,National Bank,2023-04-10,2023-05-19
63,564,2351.21,2023-04-04,KCB,2023-03-30,2023-05-05
88,444,8953.34,2023-04-24,StanChart,2023-03-30,2023-05-22
65,6,6009.29,2023-04-14,StanChart,2023-04-20,2023-05-24
66,463,2199.18,2023-03-31,National Bank,2023-04-14,2023-04-27
42,605,6242.99,2023-04-02,KCB,2023-04-19,2023-05-07
23,766,8583.2,2023-03-31,StanChart,2023-04-16,2023-05-24
29,236,3200.05,2023-03-27,StanChart,2023-04-08,2023-05-16
31,797,8083.93,2023-04-12,KCB,2023-04-02,2023-05-04
37,482,7522.63,2023-04-18,StanChart,2023-03-30,2023-05-14
5,160,5992.63,2023-04-15,ABSA,2023-04-06,2023-04-29
90,175,2863.76,2023-04-02,National Bank,2023-04-17,2023-05-01
99,532,1476.16,2023-04-18,National Bank,2023-04-17,2023-05-11
14,250,6543.56,2023-04-22,National Bank,2023-04-05,2023-05-09
1,273,9671.94,2023-04-22,KCB,2023-03-27,2023-05-17
71,202,3137.54,2023-04-13,StanChart,2023-04-04,2023-04-29
22,191,3029.93,2023-04-06,StanChart,2023-04-10,2023-05-17
86,430,1438.61,2023-04-01,ABSA,2023-04-06,2023-04-26
10,995,3219.26,2023-03-31,National Bank,2023-04-09,2023-05-21
74,671,5954.96,2023-03-27,ABSA,2023-03-28,2023-05-18
58,988,3506.77,2023-04-05,KCB,2023-04-06,2023-04-30
46,59,9101.32,2023-04-19,KCB,2023-04-10,2023-05-16
99,316,3453.32,2023-03-29,National Bank,2023-04-16,2023-05-12
23,677,1230.36,2023-04-23,KCB,2023-04-24,2023-05-11
5,941,2110.89,2023-04-15,KCB,2023-04-05,2023-05-24
91,121,9897.94,2023-04-21,ABSA,2023-04-01,2023-05-11
18,978,6261.84,2023-04-17,StanChart,2023-04-01,2023-05-17
29,667,9914.09,2023-04-05,KCB,2023-03-27,2023-05-13
41,588,1667.96,2023-04-08,StanChart,2023-04-11,2023-05-09
21,786,2177.42,2023-04-24,ABSA,2023-04-21,2023-05-17
77,659,8501.57,2023-04-21,KCB,2023-04-01,2023-05-23
49,601,4291.4,2023-04-08,StanChart,2023-04-04,2023-05-21
57,11,9427.54,2023-04-20,StanChart,2023-04-02,2023-05-22
20,275,4599.71,2023-04-18,National Bank,2023-04-14,2023-05-09
8,855,2502.54,2023-03-27,National Bank,2023-04-11,2023-05-12
47,648,8506.86,2023-04-01,KCB,2023-04-17,2023-05-07
15,585,8909.73,2023-04-15,StanChart,2023-04-22,2023-05-06
39,152,2975.61,2023-04-24,StanChart,2023-04-05,2023-05-23
14,425,2097.19,2023-04-06,KCB,2023-03-30,2023-05-23
69,170,3671.12,2023-04-15,ABSA,2023-03-30,2023-05-02
19,443,1794.98,2023-03-27,KCB,2023-04-06,2023-05-11
30,987,3488.6,2023-03-29,ABSA,2023-04-15,2023-05-20
52,68,2208.97,2023-04-12,National Bank,2023-03-29,2023-05-23
96,926,1830.97,2023-04-07,National Bank,2023-04-08,2023-05-12
14,735,8740.37,2023-04-06,StanChart,2023-03-27,2023-04-26
67,188,4598.1,2023-04-04,National Bank,2023-04-03,2023-05-13
100,959,2819.04,2023-04-01,KCB,2023-04-07,2023-05-15
82,4,6096.27,2023-04-12,ABSA,2023-04-11,2023-04-26
58,622,3636.31,2023-04-14,StanChart,2023-04-01,2023-05-13
62,492,8095.98,2023-04-13,National Bank,2023-04-21,2023-05-03
94,940,4708.77,2023-04-25,StanChart,2023-04-07,2023-04-30
96,438,4417.49,2023-04-09,ABSA,2023-04-22,2023-05-12
26,899,6468.51,2023-04-04,National Bank,2023-04-08,2023-05-09
68,891,8061.63,2023-04-14,National Bank,2023-03-29,2023-05-24
80,357,8964.08,2023-03-27,KCB,2023-04-24,2023-04-26
40,711,9055.19,2023-04-02,KCB,2023-04-02,2023-05-04
61,355,5657.25,2023-04-18,National Bank,2023-04-25,2023-05-14
98,936,9880.69,2023-04-20,KCB,2023-04-16,2023-05-17
6,174,7486.71,2023-04-05,ABSA,2023-04-09,2023-05-19
92,143,5281.12,2023-04-19,StanChart,2023-04-08,2023-04-29
50,3,5262.67,2023-04-11,ABSA,2023-04-04,2023-05-25
56,644,6151.03,2023-04-09,StanChart,2023-04-06,2023-05-21
59,975,4036.28,2023-04-17,National Bank,2023-04-21,2023-04-28
97,163,6183.46,2023-04-14,KCB,2023-04-25,2023-05-08
66,696,2759.97,2023-04-13,StanChart,2023-03-28,2023-04-29
20,374,6605.66,2023-04-15,National Bank,2023-04-25,2023-04-26
10,341,2602.43,2023-04-04,ABSA,2023-04-02,2023-04-29
6,8,4551.25,2023-04-12,StanChart,2023-03-31,2023-05-06
96,54,9812.23,2023-04-25,ABSA,2023-03-27,2023-05-17
94,588,1834.37,2023-04-17,KCB,2023-04-18,2023-05-24
20,609,5630.27,2023-04-25,KCB,2023-04-15,2023-05-17
100,641,1546.15,2023-04-11,KCB,2023-04-14,2023-05-20
89,112,3148.83,2023-04-15,KCB,2023-03-30,2023-05-11
100,987,2286.17,2023-04-22,ABSA,2023-03-28,2023-04-26
81,91,2294.93,2023-04-11,StanChart,2023-04-22,2023-05-22
20,265,2782.55,2023-04-17,KCB,2023-04-14,2023-05-24
40,108,5312.19,2023-04-18,ABSA,2023-04-24,2023-05-20
82,560,3389.09,2023-04-13,National Bank,2023-04-18,2023-05-10
28,564,5474.07,2023-04-15,National Bank,2023-04-15,2023-05-10
67,975,5864.26,2023-04-14,ABSA,2023-04-14,2023-05-05
28,328,4182.81,2023-04-12,KCB,2023-04-21,2023-05-01
20,484,9355.29,2023-04-23,National Bank,2023-04-11,2023-05-19
11,8,8622.58,2023-04-14,StanChart,2023-03-28,2023-05-25
62,198,2318.89,2023-04-02,National Bank,2023-04-13,2023-05-13
12,819,6849.26,2023-04-08,StanChart,2023-04-25,2023-05-12
78,176,3438.9,2023-04-08,StanChart,2023-04-11,2023-05-05
47,135,5666.51,2023-04-23,KCB,2023-04-10,2023-05-14
30,469,8633.77,2023-04-20,StanChart,2023-04-18,2023-05-07
33,300,8243.6,2023-04-23,KCB,2023-04-23,2023-05-11
8,501,4914.33,2023-04-10,National Bank,2023-04-09,2023-05-10
12,977,1868.06,2023-04-25,StanChart,2023-03-27,2023-05-20
33,215,5371.12,2023-04-04,National Bank,2023-04-06,2023-05-04
14,158,7441.73,2023-04-09,National Bank,2023-04-10,2023-05-02
56,154,2688.16,2023-04-12,ABSA,2023-04-09,2023-05-18
98,496,8914.75,2023-04-03,KCB,2023-04-15,2023-05-05
73,177,6585.34,2023-03-30,ABSA,2023-03-28,2023-05-15
39,343,8699.62,2023-04-06,KCB,2023-03-30,2023-05-23
78,873,7987.54,2023-04-24,National Bank,2023-04-09,2023-05-23
19,244,8594.05,2023-04-18,National Bank,2023-04-02,2023-05-10
16,833,8836.81,2023-04-09,ABSA,2023-03-27,2023-05-15
30,382,5949.06,2023-03-30,StanChart,2023-03-29,2023-04-28
2,753,2268.42,2023-04-03,StanChart,2023-04-13,2023-05-13
56,441,3023.72,2023-04-09,KCB,2023-04-02,2023-05-02
39,835,4427.97,2023-04-20,StanChart,2023-04-22,2023-05-08
79,661,3011.5,2023-04-16,StanChart,2023-03-31,2023-05-02
53,648,3153.72,2023-04-14,National Bank,2023-04-13,2023-05-23
42,126,1579.76,2023-03-28,KCB,2023-03-28,2023-05-14
10,790,7382.18,2023-04-09,National Bank,2023-04-23,2023-05-19
19,335,5359.59,2023-04-12,KCB,2023-03-31,2023-05-24
36,824,6999.94,2023-04-10,ABSA,2023-03-30,2023-05-14
24,684,2929.31,2023-04-15,ABSA,2023-04-25,2023-05-15
13,980,8543.06,2023-04-19,StanChart,2023-04-16,2023-05-03
71,697,3015.36,2023-04-23,National Bank,2023-04-08,2023-04-29
9,167,8752.43,2023-04-10,ABSA,2023-04-17,2023-05-22
86,341,2447.74,2023-04-08,National Bank,2023-03-28,2023-05-07
53,214,1452.51,2023-03-29,StanChart,2023-04-11,2023-05-22
89,941,2874.51,2023-03-31,ABSA,2023-04-05,2023-05-16
31,888,8118.19,2023-04-05,ABSA,2023-04-13,2023-05-06
24,988,3099.07,2023-03-29,KCB,2023-04-23,2023-05-14
5,201,4823.88,2023-04-20,National Bank,2023-04-06,2023-04-28
5,793,7786.6,2023-04-15,ABSA,2023-04-04,2023-05-10
94,685,1129.31,2023-04-05,National Bank,2023-04-17,2023-05-14
50,366,1083.82,2023-04-02,StanChart,2023-04-25,2023-05-12
13,822,4586.83,2023-04-01,National Bank,2023-04-08,2023-04-27
80,371,5320.8,2023-04-18,StanChart,2023-04-17,2023-05-06
80,796,3771.44,2023-04-08,ABSA,2023-04-09,2023-04-29
83,641,8456.64,2023-04-11,KCB,2023-04-22,2023-05-22
52,459,8431.59,2023-04-20,StanChart,2023-04-22,2023-05-23
100,754,2321.84,2023-03-30,StanChart,2023-03-28,2023-05-20
79,556,7039.21,2023-04-11,StanChart,2023-04-17,2023-05-01
42,752,7485.48,2023-04-21,StanChart,2023-04-20,2023-05-19
93,728,3686.92,2023-04-15,StanChart,2023-03-29,2023-05-10
68,272,1618.05,2023-04-02,National Bank,2023-03-30,2023-05-20
6,484,6042.99,2023-04-07,National Bank,2023-04-03,2023-05-12
69,983,5985.57,2023-04-17,National Bank,2023-04-16,2023-05-13
89,185,5910.33,2023-04-05,ABSA,2023-04-13,2023-04-28
30,692,3159.96,2023-04-10,StanChart,2023-03-29,2023-05-19
57,87,8692.49,2023-04-12,ABSA,2023-04-17,2023-05-10
66,757,4951.27,2023-04-23,National Bank,2023-04-08,2023-05-01
56,996,8989.22,2023-04-08,ABSA,2023-04-24,2023-05-17
99,473,2203.71,2023-04-25,StanChart,2023-04-20,2023-04-30
58,751,6784.46,2023-04-21,StanChart,2023-04-17,2023-05-12
45,340,9502.4,2023-04-14,National Bank,2023-04-22,2023-05-10
27,216,8261.29,2023-04-25,ABSA,2023-04-14,2023-05-22
47,148,7967.37,2023-04-17,KCB,2023-04-01,2023-05-04
1,669,5585.72,2023-04-24,StanChart,2023-04-24,2023-04-29
34,999,7912.15,2023-04-19,National Bank,2023-04-09,2023-05-02
53,194,9305.78,2023-03-27,National Bank,2023-04-05,2023-04-28
89,154,8609.31,2023-03-27,StanChart,2023-04-01,2023-05-09
90,944,4881.08,2023-04-04,KCB,2023-03-28,2023-05-06
74,311,5531.64,2023-04-05,National Bank,2023-04-25,2023-05-03
75,834,6146.59,2023-04-10,ABSA,2023-04-03,2023-05-22
17,324,6381.84,2023-04-04,KCB,2023-04-25,2023-05-24
43,692,7126.15,2023-04-01,KCB,2023-04-13,2023-05-10
20,240,4571.37,2023-03-30,ABSA,2023-03-31,2023-05-15
38,351,3922.0,2023-03-29,ABSA,2023-04-06,2023-05-16
24,934,8713.06,2023-04-25,National Bank,2023-04-16,2023-04-27
84,171,5891.62,2023-04-24,KCB,2023-04-02,2023-05-04
86,327,2959.12,2023-04-07,KCB,2023-04-01,2023-05-03
67,348,5616.31,2023-04-09,KCB,2023-04-07,2023-05-07
67,58,4864.25,2023-04-15,ABSA,2023-04-11,2023-05-25
34,63,4034.25,2023-04-20,KCB,2023-04-05,2023-05-04
4,166,5712.05,2023-04-06,StanChart,2023-04-15,2023-05-21
29,434,1059.26,2023-04-08,National Bank,2023-04-21,2023-04-27
81,666,3700.53,2023-04-21,ABSA,2023-04-04,2023-05-07
10,227,4321.11,2023-03-27,KCB,2023-04-08,2023-05-19
94,392,3994.35,2023-04-18,StanChart,2023-04-17,2023-05-17
82,832,8311.1,2023-04-24,StanChart,2023-03-27,2023-05-16
35,278,2789.52,2023-04-17,StanChart,2023-04-09,2023-05-16
54,66,3691.37,2023-04-01,ABSA,2023-04-20,2023-05-01
44,717,2569.43,2023-04-05,StanChart,2023-04-08,2023-05-06
90,51,6588.33,2023-04-05,ABSA,2023-04-10,2023-05-11
92,991,5938.93,2023-04-22,National Bank,2023-03-27,2023-05-22
64,332,2559.38,2023-04-15,National Bank,2023-04-08,2023-05-21
36,221,4382.67,2023-04-06,StanChart,2023-03-30,2023-05-02
33,212,5890.73,2023-04-08,National Bank,2023-04-24,2023-05-13
55,604,4414.74,2023-03-27,KCB,2023-04-22,2023-05-06
71,22,1386.65,2023-04-02,KCB,2023-03-30,2023-05-09
83,699,9744.84,2023-04-19,National Bank,2023-04-18,2023-05-25
66,784,6485.8,2023-04-17,KCB,2023-04-10,2023-05-15
42,141,9137.05,2023-03-30,ABSA,2023-03-29,2023-05-13
14,922,4212.42,2023-04-02,National Bank,2023-03-28,2023-05-10
93,708,2729.41,2023-03-29,ABSA,2023-04-07,2023-05-22
69,875,3518.47,2023-04-16,ABSA,2023-04-18,2023-05-24
51,303,5193.98,2023-04-12,KCB,2023-03-29,2023-05-04
52,667,6821.28,2023-04-20,KCB,2023-04-01,2023-05-12
26,37,5100.48,2023-04-14,National Bank,2023-04-16,2023-05-14
19,47,2844.39,2023-04-12,KCB,2023-03-27,2023-05-17
8,691,4167.33,2023-04-12,National Bank,2023-03-27,2023-05-07
98,805,8993.77,2023-04-16,KCB,2023-04-20,2023-05-10
98,735,6728.29,2023-04-16,StanChart,2023-04-06,2023-05-06
32,219,1694.19,2023-04-14,ABSA,2023-04-10,2023-05-10
23,540,2865.93,2023-04-01,StanChart,2023-04-22,2023-05-01
93,284,6588.19,2023-04-08,ABSA,2023-04-01,2023-04-29
18,71,6755.38,2023-04-05,ABSA,2023-03-31,2023-05-13
77,176,7916.39,2023-03-30,KCB,2023-04-18,2023-05-19
18,288,3021.16,2023-03-29,ABSA,2023-04-09,2023-04-28
7,617,7805.74,2023-04-11,StanChart,2023-03-31,2023-05-08
36,749,1552.59,2023-04-14,National Bank,2023-04-24,2023-05-11
15,316,4022.21,2023-04-20,National Bank,2023-03-28,2023-05-07
70,886,8512.3,2023-04-01,ABSA,2023-04-23,2023-04-30
46,88,2060.94,2023-04-25,National Bank,2023-04-05,2023-05-11
21,520,4597.87,2023-04-06,KCB,2023-03-29,2023-05-25
71,644,3604.6,2023-04-02,ABSA,2023-04-06,2023-05-06
22,305,6360.3,2023-04-02,KCB,2023-03-31,2023-05-07
95,190,3253.35,2023-04-04,National Bank,2023-04-14,2023-05-11
3,693,8210.7,2023-04-19,KCB,2023-04-22,2023-05-14
72,512,9328.58,2023-04-17,KCB,2023-04-06,2023-05-22
34,319,1209.93,2023-04-06,ABSA,2023-04-25,2023-05-12
9,440,6020.29,2023-04-09,KCB,2023-04-22,2023-05-16
41,170,9415.62,2023-04-13,National Bank,2023-04-11,2023-05-08
31,990,9540.67,2023-04-21,National Bank,2023-04-21,2023-05-15
71,624,3766.14,2023-04-03,StanChart,2023-04-13,2023-05-19
24,850,4287.51,2023-03-29,StanChart,2023-04-23,2023-05-07
81,579,8468.0,2023-04-05,KCB,2023-04-18,2023-05-07
14,346,6165.8,2023-04-17,StanChart,2023-04-24,2023-05-07
12,720,7151.93,2023-04-03,ABSA,2023-04-16,2023-05-02
50,700,2664.78,2023-04-07,ABSA,2023-04-03,2023-05-11
100,847,4756.05,2023-04-04,National Bank,2023-04-24,2023-05-11
40,104,6060.22,2023-04-11,ABSA,2023-04-05,2023-05-16
45,385,9545.94,2023-04-20,KCB,2023-04-20,2023-05-14
55,805,4613.63,2023-04-10,ABSA,2023-04-05,2023-05-05
28,302,9597.82,2023-04-12,KCB,2023-04-13,2023-05-22
42,75,7271.7,2023-04-01,KCB,2023-04-14,2023-05-11
76,189,6199.69,2023-04-14,National Bank,2023-04-04,2023-04-30
79,862,1766.06,2023-03-28,National Bank,2023-03-31,2023-05-25
50,74,3715.64,2023-03-29,KCB,2023-04-20,2023-05-11
77,368,2110.06,2023-04-25,ABSA,2023-04-17,2023-05-15
7,685,6110.6,2023-03-31,StanChart,2023-04-12,2023-05-11
90,832,7173.45,2023-04-03,National Bank,2023-04-07,2023-05-01
42,324,7451.76,2023-04-15,National Bank,2023-04-25,2023-05-07
38,110,1831.9,2023-04-17,National Bank,2023-04-08,2023-05-08
30,25,1518.14,2023-04-15,National Bank,2023-04-24,2023-05-10
30,785,1704.85,2023-04-13,StanChart,2023-04-01,2023-05-21
60,417,1780.23,2023-04-18,ABSA,2023-03-29,2023-05-19
22,837,7938.32,2023-04-24,KCB,2023-04-24,2023-05-15
53,419,1893.91,2023-04-11,ABSA,2023-04-18,2023-05-01
59,403,1884.6,2023-03-29,StanChart,2023-04-10,2023-05-23
39,70,5442.88,2023-04-04,StanChart,2023-04-03,2023-05-10
75,991,2136.14,2023-04-24,National Bank,2023-04-22,2023-05-15
4,675,7172.31,2023-04-13,StanChart,2023-04-14,2023-05-02
75,986,8486.94,2023-04-16,StanChart,2023-04-12,2023-05-17
54,261,9539.55,2023-04-08,KCB,2023-04-13,2023-05-06
46,187,5751.05,2023-04-18,KCB,2023-04-17,2023-04-26
57,67,3218.21,2023-04-19,KCB,2023-03-28,2023-05-07
3,637,2819.61,2023-04-05,StanChart,2023-04-14,2023-05-18
5,901,4991.83,2023-04-22,ABSA,2023-04-12,2023-04-28
24,637,1363.7,2023-04-07,ABSA,2023-04-01,2023-05-19
39,210,8735.36,2023-04-01,ABSA,2023-04-02,2023-05-02
8,481,8807.15,2023-04-07,National Bank,2023-04-10,2023-05-04
24,309,9739.09,2023-04-20,KCB,2023-03-28,2023-05-05
42,580,3697.9,2023-04-21,National Bank,2023-04-25,2023-04-30
62,519,7906.62,2023-04-10,ABSA,2023-04-19,2023-04-28
88,97,2174.47,2023-04-23,National Bank,2023-04-16,2023-05-19
25,724,6085.08,2023-04-13,ABSA,2023-04-20,2023-05-13
95,823,2482.19,2023-03-30,KCB,2023-03-28,2023-05-15
61,84,5857.02,2023-04-17,National Bank,2023-04-23,2023-05-24
44,303,2471.82,2023-04-12,ABSA,2023-03-28,2023-05-18
97,95,3962.85,2023-04-24,ABSA,2023-03-27,2023-05-08
50,458,7208.53,2023-04-11,ABSA,2023-04-10,2023-05-22
46,515,5940.43,2023-03-28,StanChart,2023-04-25,2023-05-25
44,248,3570.86,2023-03-28,StanChart,2023-03-30,2023-04-28
90,736,6892.4,2023-04-23,KCB,2023-04-17,2023-05-24
8,466,5975.81,2023-04-22,StanChart,2023-04-19,2023-05-06
7,453,9196.53,2023-04-06,StanChart,2023-04-24,2023-04-28
35,8,7092.47,2023-03-31,ABSA,2023-04-11,2023-04-26
74,432,1209.56,2023-03-29,KCB,2023-04-03,2023-05-13
5,452,3827.2,2023-04-21,National Bank,2023-04-14,2023-05-04
42,966,2964.22,2023-04-16,National Bank,2023-04-01,2023-05-18
28,971,1860.54,2023-04-08,National Bank,2023-03-29,2023-05-21
91,969,5081.15,2023-04-13,ABSA,2023-04-06,2023-05-05
90,895,3181.03,2023-04-15,KCB,2023-04-13,2023-05-17
39,840,8966.93,2023-04-06,National Bank,2023-03-30,2023-05-17
100,925,8978.62,2023-04-19,National Bank,2023-03-28,2023-05-01
32,651,1655.56,2023-03-29,KCB,2023-03-30,2023-05-10
57,747,1847.76,2023-04-18,KCB,2023-04-20,2023-05-12
36,869,9657.99,2023-04-18,National Bank,2023-04-11,2023-05-20
57,573,4373.53,2023-04-08,National Bank,2023-03-27,2023-05-09
58,757,5027.43,2023-04-19,ABSA,2023-04-17,2023-05-05
16,711,9181.03,2023-04-14,KCB,2023-03-31,2023-04-30
5,990,6858.79,2023-04-03,National Bank,2023-04-10,2023-05-20
37,333,4354.52,2023-04-14,ABSA,2023-04-17,2023-04-26
38,194,3188.4,2023-03-30,KCB,2023-04-18,2023-05-11
4,843,7173.97,2023-04-08,ABSA,2023-04-14,2023-05-09
9,327,8332.45,2023-03-29,StanChart,2023-04-02,2023-05-18
23,693,7611.97,2023-04-15,KCB,2023-04-24,2023-05-01
21,729,5374.79,2023-04-15,KCB,2023-04-23,2023-05-12
1,684,8214.28,2023-04-06,StanChart,2023-04-24,2023-05-05
81,912,9988.57,2023-04-03,ABSA,2023-04-13,2023-05-02
56,607,4556.12,2023-03-31,StanChart,2023-04-14,2023-05-17
21,512,2428.3,2023-04-01,National Bank,2023-04-14,2023-05-25
74,877,9038.85,2023-04-14,ABSA,2023-04-04,2023-05-24
56,374,8008.52,2023-04-05,ABSA,2023-04-22,2023-04-29
43,125,5602.53,2023-04-18,StanChart,2023-04-11,2023-04-29
43,902,6985.95,2023-03-30,KCB,2023-04-11,2023-05-23
81,438,8597.82,2023-04-14,National Bank,2023-04-25,2023-05-23
43,28,5202.17,2023-03-30,National Bank,2023-04-08,2023-05-23
42,675,6395.9,2023-04-03,StanChart,2023-04-13,2023-05-01
55,719,3758.43,2023-04-04,National Bank,2023-04-17,2023-05-11
93,631,7175.63,2023-04-12,ABSA,2023-04-23,2023-04-27
80,593,5379.62,2023-03-28,ABSA,2023-04-14,2023-05-12
82,365,9378.41,2023-04-25,KCB,2023-04-06,2023-04-28
30,651,3980.99,2023-04-19,StanChart,2023-04-18,2023-05-03
96,33,3475.54,2023-04-07,National Bank,2023-04-24,2023-05-15
1,861,4477.56,2023-04-15,StanChart,2023-04-13,2023-04-27
58,781,6978.39,2023-04-03,ABSA,2023-04-16,2023-04-29
40,615,7626.75,2023-04-01,KCB,2023-03-27,2023-05-01
82,100,8779.68,2023-04-06,National Bank,2023-04-07,2023-04-29
12,105,5384.74,2023-04-22,ABSA,2023-04-02,2023-05-08
47,277,4359.44,2023-04-04,KCB,2023-04-11,2023-05-08
49,191,6983.27,2023-04-05,KCB,2023-03-29,2023-05-18
48,536,5873.55,2023-04-10,StanChart,2023-03-29,2023-04-28
17,497,5110.53,2023-04-02,National Bank,2023-04-01,2023-05-21
22,123,5756.61,2023-04-11,ABSA,2023-04-22,2023-05-18
72,413,3114.95,2023-04-24,ABSA,2023-04-05,2023-05-15
51,557,2169.99,2023-04-01,StanChart,2023-04-22,2023-05-16
95,144,1241.28,2023-04-15,KCB,2023-03-28,2023-05-15
24,824,2665.15,2023-04-22,KCB,2023-03-31,2023-05-10
69,390,6788.88,2023-04-17,National Bank,2023-04-08,2023-05-21
98,375,3769.25,2023-04-07,National Bank,2023-04-03,2023-04-26
23,745,6413.1,2023-04-18,ABSA,2023-04-09,2023-05-10
51,981,5206.39,2023-04-02,National Bank,2023-04-24,2023-04-30
21,138,9317.46,2023-04-21,StanChart,2023-04-16,2023-05-23
50,844,7458.32,2023-03-31,KCB,2023-04-06,2023-05-15
94,273,2928.53,2023-04-11,National Bank,2023-04-06,2023-05-13
86,991,2118.96,2023-04-09,ABSA,2023-03-28,2023-05-16
66,290,1919.75,2023-04-08,StanChart,2023-04-09,2023-05-01
42,478,9249.77,2023-04-11,KCB,2023-04-06,2023-05-20
83,224,4639.53,2023-04-22,ABSA,2023-04-04,2023-05-23
23,581,9942.08,2023-04-10,StanChart,2023-04-19,2023-05-19
86,466,9274.18,2023-04-18,National Bank,2023-04-03,2023-05-20
17,968,9395.73,2023-04-16,StanChart,2023-04-12,2023-05-05
60,846,6344.23,2023-04-01,KCB,2023-04-23,2023-05-08
1,810,7259.12,2023-03-29,National Bank,2023-03-30,2023-05-25
33,775,9074.09,2023-04-08,KCB,2023-03-27,2023-05-11
80,494,9005.5,2023-04-25,National Bank,2023-04-24,2023-05-15
19,421,4761.47,2023-04-24,StanChart,2023-04-03,2023-05-11
1,964,8892.55,2023-04-19,National Bank,2023-04-21,2023-05-13
18,577,8945.19,2023-03-29,ABSA,2023-04-12,2023-05-02
6,223,1464.8,2023-04-22,National Bank,2023-04-03,2023-05-12
82,122,2584.28,2023-04-15,StanChart,2023-04-14,2023-05-08
46,471,6261.75,2023-04-23,KCB,2023-04-22,2023-05-09
6,370,7591.7,2023-04-08,StanChart,2023-04-05,2023-05-19
84,533,4681.76,2023-04-01,ABSA,2023-04-23,2023-05-16
24,656,2298.26,2023-04-21,ABSA,2023-03-29,2023-04-27
24,311,1989.63,2023-04-12,StanChart,2023-04-07,2023-05-08
37,246,6628.35,2023-04-24,ABSA,2023-04-07,2023-05-09
18,834,6407.08,2023-03-27,ABSA,2023-04-01,2023-05-07
13,796,7565.19,2023-04-12,National Bank,2023-04-24,2023-05-24
38,382,2511.2,2023-04-06,KCB,2023-04-01,2023-05-19
13,284,5577.14,2023-04-04,ABSA,2023-04-01,2023-04-30
63,971,1397.92,2023-04-09,StanChart,2023-04-09,2023-05-16
53,614,6687.16,2023-04-09,ABSA,2023-03-28,2023-05-14
87,63,3617.35,2023-03-30,StanChart,2023-04-15,2023-05-08
76,700,3791.38,2023-03-31,ABSA,2023-04-07,2023-05-11
40,496,3025.63,2023-04-15,StanChart,2023-04-19,2023-04-30
54,915,1334.88,2023-04-16,National Bank,2023-03-30,2023-05-11
19,838,2329.89,2023-03-29,KCB,2023-04-08,2023-04-29
13,511,5880.29,2023-04-04,National Bank,2023-04-02,2023-05-11
42,559,5159.67,2023-04-18,ABSA,2023-04-07,2023-04-26
88,829,5434.47,2023-04-21,ABSA,2023-03-27,2023-05-23
57,79,5140.9,2023-04-03,ABSA,2023-04-05,2023-05-03
75,129,7956.36,2023-04-24,KCB,2023-04-07,2023-05-10
61,608,1087.38,2023-04-14,National Bank,2023-03-27,2023-05-08
71,212,7520.01,2023-04-06,ABSA,2023-03-28,2023-05-14
29,519,5086.72,2023-04-08,ABSA,2023-04-07,2023-05-06
77,285,9837.61,2023-04-22,National Bank,2023-04-20,2023-05-12
25,426,3592.14,2023-04-06,KCB,2023-04-21,2023-05-24
30,645,4357.01,2023-04-03,National Bank,2023-04-12,2023-05-22
28,980,3162.05,2023-04-11,StanChart,2023-04-17,2023-04-26
26,725,1510.49,2023-04-11,ABSA,2023-04-22,2023-05-23
52,704,4695.09,2023-04-17,National Bank,2023-04-22,2023-05-16
51,518,9891.53,2023-03-31,KCB,2023-04-15,2023-04-26
62,88,7391.47,2023-04-20,KCB,2023-04-04,2023-05-25
65,362,9540.55,2023-04-06,StanChart,2023-03-30,2023-05-16
76,761,4249.92,2023-04-23,National Bank,2023-04-03,2023-05-06
9,932,2010.31,2023-04-05,StanChart,2023-03-31,2023-05-02
83,528,9281.37,2023-04-19,KCB,2023-04-10,2023-05-11
89,296,4563.58,2023-04-10,ABSA,2023-04-13,2023-05-14
90,306,6340.14,2023-04-10,KCB,2023-04-16,2023-05-03
14,518,5932.03,2023-04-04,National Bank,2023-04-23,2023-05-16
89,77,6676.2,2023-04-01,StanChart,2023-04-13,2023-05-12
65,740,3075.94,2023-04-13,StanChart,2023-04-07,2023-05-25
10,420,8429.76,2023-04-03,ABSA,2023-04-15,2023-05-01
97,789,1158.09,2023-04-19,KCB,2023-04-20,2023-04-30
74,284,3080.06,2023-04-16,National Bank,2023-04-02,2023-05-20
59,543,8143.87,2023-04-01,StanChart,2023-04-12,2023-05-10
98,424,9941.88,2023-04-10,KCB,2023-04-22,2023-05-10
84,891,1136.7,2023-03-28,KCB,2023-03-28,2023-05-22
55,532,9256.8,2023-04-01,KCB,2023-04-21,2023-05-23
75,163,4615.41,2023-04-23,National Bank,2023-04-21,2023-05-16
64,122,9514.71,2023-04-08,ABSA,2023-04-02,2023-04-30
13,578,2191.34,2023-04-05,National Bank,2023-04-05,2023-05-08
62,407,9268.38,2023-04-22,KCB,2023-04-01,2023-05-03
71,210,1345.81,2023-03-30,ABSA,2023-04-24,2023-05-22
52,525,7165.78,2023-03-31,ABSA,2023-04-09,2023-05-17
44,426,8248.98,2023-04-11,KCB,2023-04-03,2023-05-02
73,424,4668.51,2023-04-19,StanChart,2023-04-25,2023-05-05
64,413,3330.93,2023-03-27,KCB,2023-04-11,2023-05-03
76,86,5394.42,2023-03-28,StanChart,2023-04-16,2023-05-06
57,111,6094.84,2023-04-20,National Bank,2023-03-27,2023-05-14
32,680,8457.98,2023-04-10,StanChart,2023-04-02,2023-05-25
17,773,1695.33,2023-03-30,StanChart,2023-04-09,2023-05-21
47,262,9526.0,2023-04-22,National Bank,2023-04-06,2023-05-16
41,1000,2503.31,2023-04-13,StanChart,2023-03-31,2023-04-29
45,247,8636.08,2023-03-27,National Bank,2023-04-12,2023-05-24
62,785,2390.45,2023-04-18,StanChart,2023-04-10,2023-05-14
35,696,6548.73,2023-04-20,National Bank,2023-04-08,2023-04-28
72,559,4972.73,2023-04-16,StanChart,2023-04-20,2023-04-28
51,437,7941.93,2023-04-15,National Bank,2023-04-16,2023-05-04
84,88,9018.66,2023-03-29,KCB,2023-04-12,2023-04-26
48,884,3568.92,2023-03-27,KCB,2023-04-24,2023-05-13
56,956,6328.27,2023-04-09,StanChart,2023-04-21,2023-05-13
78,465,2784.36,2023-04-07,National Bank,2023-04-24,2023-04-27
91,378,7583.31,2023-04-16,National Bank,2023-04-01,2023-05-02
50,11,3756.46,2023-03-28,KCB,2023-04-11,2023-05-23
97,559,3508.39,2023-03-27,ABSA,2023-04-23,2023-05-18
45,35,3294.2,2023-04-13,KCB,2023-04-06,2023-05-09
52,893,5455.93,2023-03-29,National Bank,2023-04-22,2023-05-18
61,425,9828.03,2023-04-25,National Bank,2023-04-08,2023-05-13
30,229,8018.24,2023-03-28,ABSA,2023-04-04,2023-05-18
89,753,3712.34,2023-04-14,National Bank,2023-04-01,2023-05-11
9,296,3961.62,2023-04-16,KCB,2023-03-29,2023-05-06
1,40,5627.07,2023-04-15,ABSA,2023-04-19,2023-05-17
89,530,9458.42,2023-04-14,KCB,2023-03-29,2023-05-06
84,208,6517.92,2023-03-28,National Bank,2023-04-03,2023-05-23
63,377,1715.16,2023-04-04,National Bank,2023-04-11,2023-05-25
94,998,7466.57,2023-04-09,StanChart,2023-03-29,2023-04-30
33,623,9180.1,2023-04-03,ABSA,2023-04-14,2023-05-21
48,395,5170.42,2023-04-04,StanChart,2023-04-08,2023-05-12
63,109,5336.0,2023-04-23,ABSA,2023-04-20,2023-05-24
97,35,4721.01,2023-04-17,StanChart,2023-04-19,2023-05-23
83,765,6226.41,2023-04-24,StanChart,2023-04-01,2023-05-19
6,861,1416.67,2023-04-18,StanChart,2023-04-05,2023-05-22
66,156,3443.68,2023-04-09,StanChart,2023-03-29,2023-05-08
18,559,6824.36,2023-04-16,KCB,2023-04-21,2023-04-26
51,203,6489.73,2023-04-02,KCB,2023-04-09,2023-05-06
26,853,3447.38,2023-04-21,National Bank,2023-04-11,2023-05-22
50,875,6003.65,2023-04-22,National Bank,2023-04-10,2023-05-06
35,410,8169.88,2023-04-23,ABSA,2023-04-20,2023-05-14
3,78,3864.38,2023-04-02,ABSA,2023-04-22,2023-05-02
28,84,3255.16,2023-04-10,KCB,2023-04-17,2023-05-22
20,727,2241.22,2023-04-03,KCB,2023-04-11,2023-05-09
48,150,2283.41,2023-04-14,ABSA,2023-04-01,2023-05-10
17,539,2027.55,2023-04-25,StanChart,2023-03-31,2023-05-09
20,318,8320.24,2023-03-30,KCB,2023-04-23,2023-05-08
50,885,1629.54,2023-04-24,ABSA,2023-04-15,2023-05-24
14,129,7241.44,2023-04-23,StanChart,2023-04-02,2023-05-12
7,732,7343.22,2023-04-10,National Bank,2023-04-03,2023-05-04
87,524,1254.14,2023-04-18,National Bank,2023-04-24,2023-05-15
75,386,9989.51,2023-03-28,National Bank,2023-04-17,2023-04-26
19,263,1471.81,2023-04-25,National Bank,2023-04-13,2023-05-18
21,328,9627.27,2023-04-05,National Bank,2023-04-19,2023-05-21
28,930,8619.37,2023-03-27,National Bank,2023-04-02,2023-05-17
81,203,8201.67,2023-04-25,KCB,2023-03-31,2023-05-18
86,172,8986.54,2023-03-31,StanChart,2023-04-20,2023-05-20
12,254,4309.4,2023-03-28,StanChart,2023-04-02,2023-04-30
41,766,7498.66,2023-04-07,ABSA,2023-04-11,2023-05-18
70,38,5631.04,2023-04-19,KCB,2023-04-06,2023-05-18
58,187,4128.17,2023-04-19,ABSA,2023-04-16,2023-05-08
52,181,7691.73,2023-04-14,StanChart,2023-04-01,2023-05-24
88,214,2143.67,2023-04-21,StanChart,2023-04-09,2023-05-18
58,630,6019.41,2023-04-20,KCB,2023-04-01,2023-05-20
80,876,2528.55,2023-04-01,StanChart,2023-04-05,2023-05-11
15,20,5924.34,2023-04-07,National Bank,2023-04-25,2023-05-06
81,862,9055.23,2023-04-18,ABSA,2023-03-27,2023-05-18
92,627,1883.85,2023-04-17,KCB,2023-04-05,2023-04-28
35,893,5899.13,2023-04-18,National Bank,2023-04-04,2023-05-07
71,578,8938.3,2023-04-11,StanChart,2023-04-10,2023-05-23
52,476,4290.3,2023-04-19,KCB,2023-04-07,2023-05-13
74,570,4743.21,2023-04-10,ABSA,2023-04-02,2023-04-29
47,489,3260.08,2023-04-15,StanChart,2023-04-06,2023-05-21
55,83,7129.09,2023-03-29,KCB,2023-04-11,2023-05-18
84,20,3354.45,2023-04-18,ABSA,2023-03-28,2023-05-04
65,463,1441.52,2023-04-04,National Bank,2023-04-04,2023-04-27
91,753,5092.04,2023-03-31,StanChart,2023-04-05,2023-05-06
84,865,2857.09,2023-04-22,National Bank,2023-04-23,2023-05-14
39,435,5145.16,2023-04-18,National Bank,2023-04-19,2023-05-18
13,323,9389.2,2023-04-15,National Bank,2023-04-19,2023-05-13
83,475,7921.86,2023-04-20,KCB,2023-04-12,2023-05-18
15,551,7019.98,2023-03-28,KCB,2023-04-19,2023-05-09
15,345,3149.4,2023-04-13,KCB,2023-04-09,2023-05-06
97,668,8449.69,2023-04-09,KCB,2023-04-07,2023-05-08
48,943,4715.96,2023-03-28,KCB,2023-04-20,2023-05-17
33,924,9896.67,2023-04-25,National Bank,2023-04-16,2023-05-24
70,410,3410.83,2023-04-03,National Bank,2023-04-15,2023-04-30
82,85,1502.85,2023-04-22,ABSA,2023-04-09,2023-04-28
68,100,9396.23,2023-04-06,ABSA,2023-04-01,2023-05-21
43,788,1378.19,2023-04-16,StanChart,2023-04-20,2023-05-08
6,702,4402.38,2023-03-28,KCB,2023-04-24,2023-05-14
14,703,4025.83,2023-04-13,National Bank,2023-04-22,2023-05-04
77,596,9270.64,2023-04-06,StanChart,2023-04-16,2023-05-03
28,755,8087.21,2023-04-07,National Bank,2023-04-09,2023-05-02
93,965,6815.48,2023-04-17,National Bank,2023-04-16,2023-04-28
79,644,7352.79,2023-04-01,KCB,2023-03-31,2023-05-06
55,321,9032.58,2023-04-06,ABSA,2023-04-04,2023-05-08
97,294,3892.53,2023-04-08,StanChart,2023-03-30,2023-05-11
34,584,1160.68,2023-04-09,ABSA,2023-04-13,2023-04-26
87,185,1272.93,2023-04-23,StanChart,2023-04-08,2023-05-04
62,88,6271.74,2023-04-17,National Bank,2023-04-14,2023-05-04
33,837,7064.36,2023-04-12,StanChart,2023-04-13,2023-05-24
91,184,8664.11,2023-04-02,National Bank,2023-03-30,2023-05-23
63,772,1571.49,2023-04-18,ABSA,2023-04-08,2023-05-03
36,143,1183.11,2023-04-01,StanChart,2023-03-27,2023-04-26
57,596,2538.94,2023-04-07,StanChart,2023-04-01,2023-05-05
46,262,2419.09,2023-03-31,KCB,2023-04-09,2023-05-04
4,889,8705.63,2023-04-21,StanChart,2023-04-08,2023-05-03
22,778,7534.98,2023-04-12,National Bank,2023-04-11,2023-05-19
20,972,4762.4,2023-04-12,National Bank,2023-04-04,2023-04-29
59,295,1283.2,2023-04-13,ABSA,2023-04-10,2023-04-28
68,576,1083.59,2023-04-20,ABSA,2023-03-28,2023-04-29
62,576,6635.17,2023-04-22,ABSA,2023-04-13,2023-05-16
58,165,1273.18,2023-03-31,KCB,2023-04-25,2023-05-02
33,941,2231.42,2023-04-24,National Bank,2023-04-06,2023-05-24
63,245,5886.45,2023-04-03,ABSA,2023-03-27,2023-05-17
11,486,4195.78,2023-04-01,StanChart,2023-04-15,2023-05-01
5,35,3684.81,2023-04-17,ABSA,2023-03-28,2023-04-28
77,569,9628.94,2023-04-17,KCB,2023-04-01,2023-05-13
15,823,1171.88,2023-03-31,ABSA,2023-04-15,2023-05-01
71,953,1110.82,2023-04-17,StanChart,2023-03-27,2023-05-17
81,812,4767.93,2023-03-31,National Bank,2023-04-25,2023-05-06
16,913,2680.64,2023-03-27,KCB,2023-04-04,2023-05-15
93,702,6878.05,2023-04-13,StanChart,2023-03-27,2023-05-14
11,638,6153.7,2023-04-16,KCB,2023-03-31,2023-05-18
97,677,2067.36,2023-04-23,ABSA,2023-03-29,2023-05-23
15,352,8341.94,2023-03-28,KCB,2023-03-30,2023-05-12
8,487,2645.44,2023-04-05,National Bank,2023-04-22,2023-05-01
59,130,4030.02,2023-04-17,National Bank,2023-04-11,2023-05-11
62,156,8296.18,2023-04-25,KCB,2023-04-12,2023-05-02
46,841,6929.94,2023-04-15,ABSA,2023-03-29,2023-05-17
39,43,7786.81,2023-03-30,KCB,2023-03-31,2023-04-26
16,583,6959.14,2023-04-24,KCB,2023-03-28,2023-05-06
94,272,9769.96,2023-04-05,ABSA,2023-04-25,2023-05-14
27,482,8607.38,2023-04-22,ABSA,2023-04-18,2023-05-12
19,649,4561.42,2023-04-17,KCB,2023-03-30,2023-05-09
79,115,4066.56,2023-04-23,ABSA,2023-04-06,2023-05-19
30,234,1326.26,2023-04-16,National Bank,2023-03-31,2023-04-28
86,610,8594.86,2023-04-05,National Bank,2023-04-08,2023-05-20
73,286,4099.2,2023-04-18,KCB,2023-03-31,2023-05-10
22,398,7600.93,2023-04-09,StanChart,2023-04-03,2023-05-23
20,786,8032.25,2023-04-25,StanChart,2023-03-27,2023-04-28
50,609,6081.08,2023-04-17,KCB,2023-04-16,2023-04-27
20,595,4985.22,2023-04-07,ABSA,2023-04-24,2023-04-26
91,418,6483.51,2023-04-20,National Bank,2023-04-11,2023-05-03
65,121,6578.31,2023-04-14,ABSA,2023-04-04,2023-04-28
44,113,3140.11,2023-03-29,National Bank,2023-04-03,2023-05-04
32,344,8097.55,2023-04-24,StanChart,2023-04-19,2023-05-20
40,479,4901.71,2023-04-25,National Bank,2023-04-20,2023-05-01
32,978,6959.2,2023-04-21,KCB,2023-04-06,2023-05-01
18,473,2548.35,2023-03-30,ABSA,2023-04-15,2023-05-21
66,992,3617.3,2023-04-15,ABSA,2023-04-01,2023-05-13
5,703,6112.85,2023-04-06,National Bank,2023-04-24,2023-05-25
41,783,7396.67,2023-04-15,ABSA,2023-04-23,2023-05-10
39,572,1280.87,2023-04-01,StanChart,2023-04-03,2023-05-19
91,251,4459.32,2023-04-16,National Bank,2023-04-04,2023-05-06
39,765,6607.51,2023-04-01,KCB,2023-04-23,2023-05-21
2,35,7490.26,2023-03-29,StanChart,2023-04-05,2023-05-07
69,710,7814.36,2023-04-10,StanChart,2023-03-29,2023-05-23
73,552,4017.89,2023-04-15,StanChart,2023-04-05,2023-05-06
65,29,2055.64,2023-04-05,ABSA,2023-04-12,2023-05-03
44,17,6063.25,2023-04-21,KCB,2023-04-10,2023-05-10
98,574,5182.28,2023-04-21,ABSA,2023-04-21,2023-05-14
67,174,9144.86,2023-03-29,KCB,2023-04-16,2023-05-04
16,611,7831.66,2023-04-04,StanChart,2023-03-27,2023-05-19
36,796,3635.82,2023-04-22,ABSA,2023-04-20,2023-05-20
92,500,5288.25,2023-04-14,National Bank,2023-04-04,2023-05-06
43,597,4186.51,2023-04-08,ABSA,2023-03-29,2023-04-27
63,682,7445.03,2023-03-31,KCB,2023-04-08,2023-05-03
94,413,5432.97,2023-04-06,StanChart,2023-04-04,2023-04-29
37,690,5941.8,2023-04-11,StanChart,2023-04-01,2023-05-11
38,855,9540.78,2023-04-25,KCB,2023-04-16,2023-05-01
74,88,9313.13,2023-04-25,StanChart,2023-04-23,2023-05-18
27,26,4076.26,2023-03-27,National Bank,2023-04-23,2023-05-06
68,956,1137.58,2023-04-01,StanChart,2023-03-28,2023-05-18
61,158,7102.85,2023-04-17,National Bank,2023-04-12,2023-05-17
1,65,3473.91,2023-04-16,StanChart,2023-04-22,2023-05-12
69,593,9204.14,2023-04-02,ABSA,2023-04-16,2023-05-24
55,416,1921.76,2023-04-05,StanChart,2023-04-14,2023-05-24
59,96,1157.19,2023-04-08,StanChart,2023-03-31,2023-05-09
75,274,9286.03,2023-04-07,National Bank,2023-03-28,2023-05-10
68,773,9777.19,2023-03-30,ABSA,2023-04-22,2023-05-05
83,962,9838.27,2023-03-31,StanChart,2023-04-06,2023-05-14
72,728,8207.25,2023-04-20,StanChart,2023-03-31,2023-05-15
60,95,2163.34,2023-04-06,KCB,2023-04-24,2023-05-13
33,811,5515.61,2023-03-29,StanChart,2023-04-03,2023-05-14
10,763,2845.44,2023-04-17,National Bank,2023-04-21,2023-05-03
90,570,6130.95,2023-04-04,ABSA,2023-04-18,2023-05-08
95,974,7068.29,2023-04-18,ABSA,2023-04-03,2023-05-25
48,371,6338.26,2023-04-10,KCB,2023-03-27,2023-05-17
97,408,8812.99,2023-04-18,KCB,2023-03-27,2023-05-23
93,437,4549.2,2023-03-27,National Bank,2023-04-08,2023-05-22
7,387,1974.13,2023-03-31,KCB,2023-04-16,2023-04-30
38,80,9821.81,2023-04-12,National Bank,2023-03-28,2023-05-23
87,870,5088.55,2023-04-17,KCB,2023-04-06,2023-05-25
14,34,3171.44,2023-04-18,ABSA,2023-03-31,2023-05-17
95,352,5876.02,2023-04-08,KCB,2023-04-14,2023-05-02
5,587,5477.11,2023-04-07,StanChart,2023-04-22,2023-04-27
98,168,4909.2,2023-03-27,KCB,2023-03-28,2023-04-27
4,971,4209.43,2023-04-20,ABSA,2023-04-09,2023-05-10
32,847,5385.23,2023-04-24,StanChart,2023-04-09,2023-05-02
27,418,2056.09,2023-04-07,StanChart,2023-04-02,2023-04-29
83,753,8239.04,2023-04-03,ABSA,2023-04-01,2023-05-01
37,943,7945.76,2023-04-12,StanChart,2023-03-28,2023-05-23
53,336,9098.62,2023-04-23,ABSA,2023-04-01,2023-04-27
86,267,3411.83,2023-04-09,ABSA,2023-04-25,2023-05-07
9,680,7241.99,2023-04-11,National Bank,2023-04-03,2023-04-27
93,259,5710.97,2023-04-24,ABSA,2023-04-21,2023-04-28
25,992,6047.36,2023-04-24,ABSA,2023-04-04,2023-05-18
16,380,3873.38,2023-04-05,National Bank,2023-04-13,2023-05-19
48,589,4521.33,2023-04-03,National Bank,2023-04-19,2023-05-17
61,451,7266.86,2023-04-10,ABSA,2023-03-28,2023-04-27
31,277,9828.65,2023-04-05,National Bank,2023-04-12,2023-05-12
94,246,8442.31,2023-04-20,National Bank,2023-04-17,2023-05-17
100,715,8889.11,2023-04-18,ABSA,2023-04-19,2023-05-18
32,252,7580.11,2023-04-11,National Bank,2023-04-06,2023-05-15
15,160,2965.22,2023-04-03,National Bank,2023-04-22,2023-05-09
66,837,9069.09,2023-03-30,National Bank,2023-04-09,2023-05-12
91,328,3141.03,2023-04-16,National Bank,2023-03-30,2023-05-24
46,52,7910.34,2023-03-31,StanChart,2023-04-19,2023-04-28
39,405,6383.45,2023-04-21,National Bank,2023-04-10,2023-05-18
14,570,5178.52,2023-04-23,ABSA,2023-04-08,2023-05-08
38,125,3819.06,2023-04-13,ABSA,2023-04-24,2023-05-24
42,669,6814.38,2023-04-16,KCB,2023-04-22,2023-05-12
72,595,7458.5,2023-04-10,ABSA,2023-04-25,2023-05-04
15,403,8581.18,2023-04-07,ABSA,2023-04-24,2023-05-15
28,145,6029.47,2023-04-12,National Bank,2023-04-15,2023-05-25
29,793,9739.24,2023-04-03,StanChart,2023-04-06,2023-05-02
62,75,9971.48,2023-04-06,KCB,2023-04-14,2023-05-08
82,590,8392.65,2023-04-06,National Bank,2023-04-01,2023-05-07
36,966,8305.39,2023-04-05,National Bank,2023-03-29,2023-05-02
37,293,6305.9,2023-04-20,ABSA,2023-03-31,2023-05-06
51,702,3941.4,2023-04-14,KCB,2023-04-08,2023-05-14
37,646,9497.9,2023-04-12,National Bank,2023-04-09,2023-05-05
15,871,3426.96,2023-04-18,StanChart,2023-04-20,2023-05-16
37,167,3833.15,2023-04-14,StanChart,2023-03-31,2023-04-28
87,189,4262.58,2023-03-30,KCB,2023-04-06,2023-04-29
62,529,9402.57,2023-04-24,StanChart,2023-04-18,2023-05-16
30,967,3664.18,2023-04-12,KCB,2023-04-09,2023-04-27
11,912,8317.32,2023-03-29,KCB,2023-04-06,2023-05-17
50,113,6409.67,2023-04-08,KCB,2023-04-03,2023-05-06
39,305,5638.78,2023-04-01,National Bank,2023-03-27,2023-05-04
50,743,1074.18,2023-04-03,National Bank,2023-04-18,2023-05-11
11,921,7223.7,2023-04-14,National Bank,2023-03-31,2023-05-21
2,667,1464.08,2023-04-06,ABSA,2023-03-28,2023-05-18
17,535,3267.0,2023-04-04,National Bank,2023-04-11,2023-05-10
22,51,1160.06,2023-04-13,StanChart,2023-04-19,2023-05-04
99,647,5628.49,2023-04-21,ABSA,2023-04-05,2023-05-22
8,331,9769.5,2023-04-09,KCB,2023-04-16,2023-05-10
49,133,8886.86,2023-04-25,ABSA,2023-03-27,2023-05-17
84,492,5037.54,2023-04-11,KCB,2023-04-24,2023-05-07
26,423,9797.64,2023-03-30,StanChart,2023-04-16,2023-05-13
15,21,5089.2,2023-04-20,ABSA,2023-04-23,2023-05-08
37,114,3999.16,2023-04-22,KCB,2023-04-22,2023-04-26
24,87,9041.83,2023-04-17,KCB,2023-04-23,2023-05-11
74,844,2005.37,2023-04-19,KCB,2023-04-23,2023-05-12
22,376,4100.98,2023-04-25,KCB,2023-04-15,2023-05-04
67,627,1584.76,2023-04-20,ABSA,2023-04-03,2023-05-20
88,307,6525.59,2023-04-09,KCB,2023-03-31,2023-05-06
92,424,9595.51,2023-04-02,National Bank,2023-04-05,2023-04-27
73,733,7445.29,2023-04-05,KCB,2023-03-29,2023-05-15
92,477,7520.1,2023-04-20,National Bank,2023-04-10,2023-05-10
11,321,8503.6,2023-04-16,KCB,2023-04-12,2023-05-10
31,609,6088.11,2023-04-20,ABSA,2023-04-22,2023-05-11
36,145,9818.45,2023-04-16,National Bank,2023-04-10,2023-04-28
82,337,9371.12,2023-04-22,KCB,2023-04-04,2023-05-25
70,915,3205.83,2023-04-17,KCB,2023-04-02,2023-05-07
27,220,7933.56,2023-04-21,StanChart,2023-04-15,2023-05-23
7,461,5052.37,2023-04-07,KCB,2023-04-09,2023-05-02
93,661,7620.4,2023-04-05,National Bank,2023-04-05,2023-04-27
33,133,8078.85,2023-04-05,ABSA,2023-04-11,2023-05-18
75,503,5634.8,2023-04-06,National Bank,2023-04-20,2023-05-03
51,26,4178.15,2023-04-13,StanChart,2023-04-13,2023-05-03
29,450,4825.96,2023-03-31,KCB,2023-04-06,2023-05-10
42,901,5420.28,2023-04-03,National Bank,2023-04-01,2023-05-04
41,81,4824.31,2023-04-07,ABSA,2023-04-16,2023-05-25
82,505,3123.91,2023-04-10,KCB,2023-04-17,2023-05-02
17,146,5347.97,2023-04-04,StanChart,2023-04-11,2023-04-27
8,1000,8813.29,2023-04-21,National Bank,2023-04-21,2023-05-05
7,608,1118.19,2023-04-16,KCB,2023-04-19,2023-04-28
66,569,3159.76,2023-04-17,ABSA,2023-04-01,2023-05-16
4,895,3491.95,2023-04-16,StanChart,2023-04-24,2023-04-26
32,5,4910.56,2023-04-10,StanChart,2023-03-27,2023-04-30
23,595,9991.57,2023-04-24,ABSA,2023-04-15,2023-05-06
50,273,2119.81,2023-04-19,StanChart,2023-04-01,2023-05-07
18,160,8304.17,2023-03-30,ABSA,2023-04-10,2023-05-22
90,548,4153.41,2023-04-03,StanChart,2023-03-29,2023-04-30
22,122,8128.89,2023-03-31,StanChart,2023-04-13,2023-05-04
83,764,1933.42,2023-03-31,StanChart,2023-04-11,2023-05-04
82,602,5421.39,2023-04-08,National Bank,2023-04-09,2023-05-14
64,763,2574.9,2023-04-19,KCB,2023-04-15,2023-05-12
93,847,3238.01,2023-03-27,KCB,2023-04-03,2023-05-01
48,429,1527.21,2023-04-13,StanChart,2023-04-04,2023-05-02
93,635,3597.92,2023-03-30,ABSA,2023-04-03,2023-05-25
36,322,6162.51,2023-04-22,KCB,2023-04-08,2023-04-26
31,759,1428.18,2023-04-01,National Bank,2023-04-23,2023-05-14
47,370,1838.73,2023-04-08,StanChart,2023-04-17,2023-05-01
49,207,7734.61,2023-04-24,StanChart,2023-04-22,2023-05-16
37,926,4286.15,2023-04-03,StanChart,2023-04-18,2023-05-21
1,631,6325.59,2023-04-16,KCB,2023-04-04,2023-05-25
15,198,4036.23,2023-04-08,National Bank,2023-04-24,2023-05-10
63,650,6659.56,2023-04-04,ABSA,2023-04-03,2023-05-10
43,78,2624.84,2023-04-02,National Bank,2023-04-25,2023-05-10
38,165,9758.53,2023-04-13,ABSA,2023-04-09,2023-05-21
82,844,5022.42,2023-04-08,ABSA,2023-03-27,2023-04-29
32,552,4660.94,2023-04-06,KCB,2023-04-12,2023-04-26
37,215,1453.38,2023-04-09,KCB,2023-04-04,2023-05-16
72,876,6287.75,2023-04-05,KCB,2023-03-31,2023-05-16
89,725,9041.95,2023-04-01,ABSA,2023-04-24,2023-04-30
51,426,3782.67,2023-04-11,National Bank,2023-04-25,2023-05-20
70,730,1127.17,2023-04-22,KCB,2023-04-18,2023-05-11
85,371,6668.2,2023-04-16,National Bank,2023-04-13,2023-04-26
32,25,6611.1,2023-04-07,KCB,2023-04-17,2023-05-09
30,664,2813.93,2023-04-18,StanChart,2023-04-10,2023-05-05
8,786,5951.04,2023-04-14,ABSA,2023-03-30,2023-05-03
35,204,6443.66,2023-04-01,StanChart,2023-04-02,2023-05-02
1,864,3568.3,2023-04-15,National Bank,2023-04-07,2023-05-23
75,573,3271.95,2023-04-04,StanChart,2023-04-21,2023-05-23
94,199,5433.04,2023-04-11,KCB,2023-04-05,2023-05-04
68,223,9347.55,2023-04-04,National Bank,2023-04-21,2023-05-04
63,416,7607.73,2023-04-19,National Bank,2023-04-03,2023-05-16
43,452,1623.26,2023-04-22,KCB,2023-04-03,2023-05-02
77,90,1186.38,2023-04-20,StanChart,2023-03-30,2023-05-09
73,943,9257.04,2023-04-21,StanChart,2023-04-05,2023-04-26
94,833,4671.48,2023-03-30,ABSA,2023-04-02,2023-04-28
71,192,6797.21,2023-04-08,ABSA,2023-04-19,2023-04-28
25,742,8544.71,2023-04-16,National Bank,2023-04-21,2023-04-26
12,141,7676.98,2023-04-09,KCB,2023-03-28,2023-05-15
48,784,8292.61,2023-04-08,National Bank,2023-04-13,2023-05-04
43,438,4192.47,2023-04-18,KCB,2023-04-12,2023-05-15
12,208,1077.15,2023-04-03,StanChart,2023-04-13,2023-05-23
15,321,5354.54,2023-04-21,National Bank,2023-04-17,2023-05-13
15,291,1355.74,2023-04-23,StanChart,2023-04-17,2023-05-02
49,272,1449.32,2023-04-22,KCB,2023-04-10,2023-04-28
93,976,5848.81,2023-04-25,StanChart,2023-04-19,2023-05-16
21,631,4699.42,2023-04-01,StanChart,2023-04-25,2023-05-12
26,453,9394.5,2023-04-10,StanChart,2023-04-23,2023-05-13
44,767,4255.63,2023-04-07,StanChart,2023-04-04,2023-04-27
51,160,7332.14,2023-04-02,ABSA,2023-04-23,2023-05-04
18,429,7234.24,2023-04-20,National Bank,2023-03-29,2023-05-16
70,405,2410.52,2023-04-11,ABSA,2023-04-02,2023-05-25
9,921,1973.22,2023-04-16,ABSA,2023-04-08,2023-05-10
20,474,2009.76,2023-03-27,ABSA,2023-04-07,2023-04-26
33,582,1338.93,2023-03-30,National Bank,2023-04-19,2023-05-07
33,728,2854.28,2023-04-09,StanChart,2023-04-06,2023-05-09
49,70,6619.46,2023-04-22,National Bank,2023-04-25,2023-05-15
76,985,7167.72,2023-04-16,KCB,2023-03-28,2023-05-10
61,634,4994.29,2023-04-04,KCB,2023-04-14,2023-05-15
4,548,7566.38,2023-04-20,KCB,2023-04-08,2023-05-20
38,408,8072.22,2023-04-13,ABSA,2023-04-24,2023-05-04
24,183,6805.16,2023-04-16,National Bank,2023-04-05,2023-04-26
7,338,4671.57,2023-04-08,StanChart,2023-04-08,2023-04-27
37,635,4480.97,2023-04-16,StanChart,2023-04-16,2023-05-14
20,841,4084.02,2023-04-19,StanChart,2023-04-25,2023-05-16
80,962,5646.65,2023-04-18,ABSA,2023-04-01,2023-05-12
14,160,1086.08,2023-04-25,StanChart,2023-03-30,2023-05-02
86,588,8812.34,2023-04-06,ABSA,2023-04-23,2023-05-13
2,57,2768.58,2023-04-14,ABSA,2023-04-17,2023-05-13
71,148,9563.57,2023-04-03,StanChart,2023-04-02,2023-05-14
2,898,2789.42,2023-04-15,ABSA,2023-04-07,2023-05-14
4,970,2994.97,2023-04-25,StanChart,2023-03-29,2023-05-10
4,167,4472.59,2023-04-09,ABSA,2023-04-04,2023-04-26
45,810,8477.74,2023-04-10,ABSA,2023-04-22,2023-05-06
60,25,2525.47,2023-04-06,KCB,2023-04-03,2023-05-22
57,787,2680.79,2023-04-03,KCB,2023-04-15,2023-05-23
21,762,2357.66,2023-04-05,StanChart,2023-03-27,2023-05-13
74,763,3872.46,2023-04-25,ABSA,2023-04-08,2023-05-20
40,865,1335.19,2023-04-17,StanChart,2023-04-19,2023-04-27
23,350,7465.24,2023-04-08,ABSA,2023-04-12,2023-05-23
79,233,6461.19,2023-04-03,National Bank,2023-04-21,2023-05-17
88,854,2799.48,2023-04-13,StanChart,2023-04-01,2023-05-02
96,951,9665.9,2023-04-02,ABSA,2023-04-06,2023-05-17
45,704,1846.65,2023-04-20,KCB,2023-04-03,2023-05-04
37,121,6061.05,2023-04-19,KCB,2023-03-29,2023-05-08
40,693,3341.15,2023-04-02,KCB,2023-04-14,2023-05-04
11,782,9954.6,2023-04-01,ABSA,2023-04-11,2023-05-21
17,973,1921.21,2023-04-10,KCB,2023-04-25,2023-05-14
89,996,3068.96,2023-03-31,StanChart,2023-04-24,2023-05-03
36,370,8596.7,2023-04-06,StanChart,2023-04-13,2023-05-12
62,374,1882.48,2023-04-10,National Bank,2023-04-16,2023-05-16
55,767,6291.89,2023-04-09,KCB,2023-03-29,2023-05-18
96,243,2501.44,2023-04-23,ABSA,2023-04-16,2023-05-07
17,24,6157.62,2023-03-30,ABSA,2023-04-11,2023-05-06
76,880,8059.55,2023-03-30,StanChart,2023-04-06,2023-05-25
77,680,3646.38,2023-04-05,ABSA,2023-04-01,2023-05-24
28,514,6757.71,2023-04-25,KCB,2023-04-21,2023-04-29
69,323,2709.22,2023-04-10,StanChart,2023-03-31,2023-05-04
66,707,6073.78,2023-04-14,KCB,2023-04-19,2023-05-19
82,782,2817.55,2023-04-12,National Bank,2023-04-02,2023-05-24
96,262,9130.9,2023-04-23,National Bank,2023-03-29,2023-05-11
89,967,4316.99,2023-04-13,ABSA,2023-04-20,2023-05-04
92,722,4939.24,2023-04-19,National Bank,2023-04-24,2023-05-20
26,536,8061.87,2023-04-01,StanChart,2023-04-15,2023-05-04
41,949,8076.85,2023-04-16,National Bank,2023-03-29,2023-04-28
73,473,3567.46,2023-04-11,ABSA,2023-04-15,2023-05-05
60,817,7655.5,2023-04-16,National Bank,2023-04-03,2023-05-05
69,795,6267.27,2023-03-30,KCB,2023-04-17,2023-05-20
62,305,5805.14,2023-04-02,StanChart,2023-04-02,2023-05-08
34,994,3638.78,2023-04-15,National Bank,2023-04-21,2023-04-26
34,968,8009.13,2023-04-25,ABSA,2023-04-10,2023-04-28
93,979,2658.13,2023-04-12,National Bank,2023-04-07,2023-04-28
74,731,7469.98,2023-04-07,National Bank,2023-04-06,2023-05-06
93,471,7045.39,2023-04-19,StanChart,2023-04-23,2023-05-15
55,164,2901.6,2023-04-24,KCB,2023-04-04,2023-05-05
46,300,6776.51,2023-04-09,ABSA,2023-03-29,2023-05-07
54,703,9254.06,2023-04-08,National Bank,2023-04-19,2023-05-01
88,584,8855.87,2023-04-02,ABSA,2023-04-23,2023-05-20
63,18,9950.39,2023-04-10,ABSA,2023-04-02,2023-05-22
50,610,5669.4,2023-04-11,ABSA,2023-04-05,2023-05-04
80,927,3765.33,2023-04-13,ABSA,2023-04-10,2023-05-06
92,461,8116.39,2023-04-02,National Bank,2023-04-18,2023-05-24
64,599,5582.58,2023-04-10,StanChart,2023-04-04,2023-05-13
57,799,4144.21,2023-04-14,National Bank,2023-04-09,2023-05-09
85,470,4597.01,2023-04-09,ABSA,2023-04-10,2023-05-07
20,429,6594.88,2023-04-23,ABSA,2023-04-16,2023-04-27
74,376,3121.3,2023-03-31,ABSA,2023-04-24,2023-05-07
71,43,7237.59,2023-04-19,National Bank,2023-04-07,2023-05-03
100,336,1637.41,2023-04-11,ABSA,2023-04-22,2023-05-04
29,322,8470.21,2023-04-13,StanChart,2023-04-22,2023-05-03
66,122,9232.56,2023-03-27,National Bank,2023-04-18,2023-05-16
31,254,7660.96,2023-03-31,StanChart,2023-04-07,2023-05-16
89,605,4539.48,2023-04-04,National Bank,2023-04-12,2023-05-07
68,310,3999.16,2023-04-24,StanChart,2023-04-01,2023-04-28
72,881,7476.0,2023-04-05,KCB,2023-03-31,2023-04-26
36,376,8089.05,2023-04-22,KCB,2023-04-11,2023-05-01
90,801,7862.95,2023-04-21,National Bank,2023-04-22,2023-05-09
67,326,4035.15,2023-04-09,National Bank,2023-04-12,2023-05-07
98,165,2221.68,2023-03-30,National Bank,2023-04-10,2023-05-12
49,469,5696.77,2023-04-12,National Bank,2023-04-23,2023-05-01
10,425,9371.77,2023-04-09,ABSA,2023-04-05,2023-05-02
63,29,6941.08,2023-04-07,StanChart,2023-04-08,2023-05-07
20,28,7079.38,2023-04-03,National Bank,2023-04-18,2023-05-09
55,866,6204.39,2023-03-31,KCB,2023-04-22,2023-05-25
6,333,1280.46,2023-04-06,KCB,2023-04-24,2023-05-02
17,157,8083.44,2023-04-18,StanChart,2023-03-30,2023-05-24
55,459,7995.1,2023-03-29,KCB,2023-04-25,2023-05-10
39,607,2906.45,2023-04-21,ABSA,2023-04-25,2023-05-06
98,838,7951.33,2023-04-03,KCB,2023-03-28,2023-05-07
95,94,4633.66,2023-04-21,StanChart,2023-04-14,2023-05-01
87,313,3563.41,2023-04-23,National Bank,2023-04-03,2023-05-03
68,21,4123.8,2023-04-17,ABSA,2023-04-11,2023-04-30
87,380,3730.24,2023-04-18,ABSA,2023-04-17,2023-05-15
61,685,1405.68,2023-04-08,National Bank,2023-04-07,2023-05-13
1,891,4291.18,2023-03-29,National Bank,2023-04-23,2023-04-27
94,477,6066.06,2023-04-07,ABSA,2023-04-21,2023-05-08
45,795,7072.83,2023-04-17,KCB,2023-04-10,2023-05-25
45,175,8622.25,2023-04-15,KCB,2023-04-01,2023-05-23
54,294,5152.72,2023-04-19,National Bank,2023-04-14,2023-05-11
49,219,6012.65,2023-04-24,StanChart,2023-04-20,2023-05-02
44,131,6671.06,2023-04-05,StanChart,2023-04-10,2023-05-17
54,519,7664.41,2023-04-03,ABSA,2023-04-19,2023-04-26
71,820,4127.59,2023-04-25,KCB,2023-03-28,2023-05-16
99,207,2595.66,2023-04-17,KCB,2023-04-13,2023-05-14
36,797,5819.93,2023-04-18,National Bank,2023-04-08,2023-05-22
94,286,2099.07,2023-04-05,ABSA,2023-04-18,2023-05-08
19,200,4394.35,2023-04-08,KCB,2023-04-09,2023-05-07
3,640,2441.41,2023-04-06,KCB,2023-04-05,2023-05-16
88,852,4715.56,2023-04-19,National Bank,2023-04-13,2023-05-04
11,879,2050.25,2023-04-14,ABSA,2023-04-09,2023-05-20
37,118,8082.36,2023-04-12,ABSA,2023-04-06,2023-05-22
