rent_transaction_id,property_id,tenant_id,payment_amount,payment_date,payment_method,rent_period_start_date,rent_period_end_date
cec7d386-8650-4e43-85b8-2f4b353b3e45,87,182,5470.33,2021-01-12,KCB,2023-05-04,2023-06-01
e713206a-c443-4992-97ae-89a8b9015383,21,371,1878.68,2021-03-18,ABSA,2023-04-19,2023-05-14
2af3a407-815f-4e9e-86ff-0644724d2c3c,63,122,1975.8,2020-12-04,KCB,2023-04-28,2023-05-30
0c75d086-d35c-4e5f-9ea5-c983c5e8dd14,62,874,4334.08,2022-06-19,National Bank,2023-04-12,2023-05-20
021ed275-30cb-47a2-b6be-a8064f7c5881,99,72,2082.02,2021-04-16,KCB,2023-04-06,2023-05-22
de1a60da-85e4-4606-a1d6-48d800b33d8a,91,897,6842.95,2021-09-03,StanChart,2023-04-24,2023-05-29
5c848b32-4650-4a04-a399-5b31755f1a11,92,864,3370.14,2021-07-20,KCB,2023-04-06,2023-05-27
a51e8610-b4a1-4036-bc5f-cb8910b1a14f,90,410,1741.77,2022-11-24,National Bank,2023-04-24,2023-05-26
5fe33153-2280-498d-a50d-ba5286734fb7,34,202,1851.36,2021-03-12,ABSA,2023-04-11,2023-05-10
c61d3dcc-9b6a-46ac-ba9b-8077d0e1d494,12,629,6274.72,2021-08-04,KCB,2023-04-06,2023-05-11
cd35610d-6f3b-4281-bdfa-c440770ddd31,74,230,7682.97,2021-10-19,National Bank,2023-04-08,2023-05-08
f67a93ec-7803-46ca-a018-decd57b4dd3e,36,748,8519.27,2022-01-01,StanChart,2023-04-26,2023-05-19
8907ad0a-4293-4f7d-9e69-2b8388f57333,81,366,4676.87,2021-02-19,ABSA,2023-04-22,2023-06-03
e121bfb3-af1b-4b79-bba0-f93d0d37740c,13,588,6849.87,2021-04-11,ABSA,2023-04-24,2023-05-08
b38656a0-da1b-4b7d-bd90-5a3827e878b6,38,680,9479.05,2020-11-24,StanChart,2023-04-17,2023-05-10
9a8a2c01-b0eb-4f2d-b990-56169e1783c0,61,155,3689.42,2020-12-08,StanChart,2023-04-27,2023-05-16
21eeff7a-e50b-4e49-a8db-79d519424472,13,99,1116.5,2022-12-15,National Bank,2023-04-10,2023-05-13
fe30a5d1-4786-4f4c-83e4-1093cf6189cf,92,34,3531.66,2022-06-01,KCB,2023-04-12,2023-05-07
48959b4d-4c98-4238-88f7-d19f667497e6,2,220,2738.48,2020-12-09,ABSA,2023-05-03,2023-05-18
1b55d48f-7352-4936-82a2-6d85b0b16d8e,75,310,1779.96,2021-03-02,ABSA,2023-04-05,2023-05-30
7ede76cd-8c61-4ffe-9690-7b29f2dc9800,91,87,9540.48,2023-02-28,ABSA,2023-04-13,2023-05-05
75cfde05-9e1a-42d8-9d8f-debf944af69c,71,767,9672.26,2021-08-05,StanChart,2023-04-13,2023-05-15
d6450b21-75a2-4af2-bfba-95c57069a241,88,100,5790.34,2022-04-14,KCB,2023-04-19,2023-05-19
f5c58635-5422-487e-a7e3-ab8e82e2fb3f,3,495,7489.15,2021-11-18,ABSA,2023-04-30,2023-05-24
65d26fd2-74a0-468f-9e4d-b2344033986f,77,909,5013.94,2022-02-11,StanChart,2023-04-19,2023-05-20
50a86f22-802f-4717-999e-0cfe45e4a6fa,97,176,5621.8,2022-10-10,National Bank,2023-04-17,2023-06-03
5957bee9-0522-45e6-9df6-5702c88a59bb,62,93,1920.48,2022-10-20,KCB,2023-04-24,2023-05-21
4c28f690-e7e0-44cb-aabe-f146e9e2ef40,31,788,5809.12,2023-04-27,StanChart,2023-05-04,2023-06-02
9bf55ded-e4c9-4203-953e-04644ec80e0d,29,822,8582.59,2021-07-21,National Bank,2023-04-08,2023-05-10
ca2f9504-18a7-4ba1-a258-a970c0ff25de,81,998,4555.14,2022-09-23,National Bank,2023-04-10,2023-06-02
59b773f5-cf97-45f3-b37a-c16ad56a0fbf,81,164,5980.67,2022-02-06,StanChart,2023-04-05,2023-05-19
012317c1-b3f2-4f5f-a401-9ac5ec321fd2,45,922,1382.49,2022-06-12,National Bank,2023-04-07,2023-05-14
6e913594-157f-4014-aa39-8c37454d91de,61,508,8396.53,2020-10-12,KCB,2023-04-10,2023-05-19
c535465f-cfea-4d6a-aa2b-1d1556f07b01,30,595,6476.22,2021-03-30,ABSA,2023-04-19,2023-05-08
781c7610-dc61-4d8d-adb9-e5249f4e7c95,48,295,7992.12,2022-04-23,ABSA,2023-04-06,2023-05-29
3f5c9f3d-8bed-45b0-83e9-529bd791e20e,40,863,3862.08,2023-02-06,National Bank,2023-04-22,2023-06-02
6e193867-f7e7-4a2e-a9fc-a841cc0b228f,91,867,8694.67,2021-03-20,National Bank,2023-04-07,2023-05-07
b8ec29c1-f472-4292-b179-91c5a397be62,13,988,2557.4,2023-04-14,KCB,2023-04-22,2023-05-07
a2aa3ef5-e28d-4ee2-8499-b9196ef4c1bd,69,978,7210.06,2022-12-09,ABSA,2023-04-18,2023-05-10
77d067c0-b564-4bf6-9b96-23c651d6386e,22,307,9456.03,2021-04-04,ABSA,2023-05-02,2023-05-20
c15d738d-525d-4b49-a5e5-75ca69c7d8bf,10,361,3227.36,2022-09-26,ABSA,2023-04-13,2023-05-08
932cebb6-0712-4075-895f-e88b32a30f16,7,738,8655.51,2021-09-13,StanChart,2023-05-01,2023-05-21
32fe5812-b369-4c7b-8c18-db22cd110beb,77,25,1958.15,2022-11-10,KCB,2023-04-23,2023-05-20
92dc877e-c9e3-4e8d-9ce0-072a6fdc04e0,87,363,8182.69,2021-05-15,ABSA,2023-04-14,2023-05-20
5f1a3794-6e29-4f51-b9c9-8b4a179eeb3a,29,708,9796.98,2022-03-17,StanChart,2023-04-30,2023-05-13
eac2ca1c-1773-41c1-b92b-16523ff5a3f9,2,791,3795.03,2022-03-18,StanChart,2023-04-15,2023-05-19
298d6173-4fd2-4b74-879f-defbbf89cd82,10,53,5673.65,2021-11-05,ABSA,2023-04-07,2023-05-14
a22a97cd-f523-4969-a323-956074cdfcb8,64,749,9194.14,2022-05-07,StanChart,2023-04-24,2023-05-28
01af46e9-9c62-45f3-afc6-0e775d0c1408,33,831,6777.26,2023-03-29,National Bank,2023-05-02,2023-05-17
591054b0-c307-4388-8848-01ca4baa2b1d,6,59,2731.6,2022-03-08,StanChart,2023-04-05,2023-05-07
7e84d73d-ead7-4e0b-842b-203710e48967,26,56,5182.62,2020-09-12,ABSA,2023-04-15,2023-05-24
51147c47-963f-43fb-99a9-2c0ddb62c648,95,755,5621.97,2022-07-17,KCB,2023-04-11,2023-05-09
5209446c-7899-4db1-9b88-1ddd6b3b963a,26,149,3456.92,2021-06-17,National Bank,2023-04-21,2023-05-06
b3622804-1025-4a42-8db2-b8c35d3de0de,73,958,6562.34,2021-07-17,National Bank,2023-04-05,2023-05-31
5aa7865d-17b5-49c0-a6f7-2eaad6ed72a6,44,115,1114.72,2022-06-13,National Bank,2023-05-02,2023-05-07
4328af2f-e891-4e66-ae13-9e0bda6e8ba1,34,856,3192.5,2021-07-30,KCB,2023-05-03,2023-05-20
25d3fe3c-9f36-4169-afb2-276105378b7c,3,596,9782.19,2022-10-06,ABSA,2023-04-24,2023-05-24
309a2ac5-3795-4697-9b35-8a832fb796ef,16,957,8538.6,2020-10-30,KCB,2023-04-21,2023-05-27
83f0290e-11d4-45a1-b3da-cb9c34a11c92,29,973,6664.61,2021-04-03,National Bank,2023-04-30,2023-05-23
4ea3df4c-3aa8-4859-8b21-c173334710bb,64,196,9816.32,2020-11-09,National Bank,2023-04-21,2023-05-31
73e4b650-352b-4f55-9e76-27e1f3c61a58,28,46,9930.9,2022-11-05,StanChart,2023-04-13,2023-05-26
84e1393c-fc60-4149-8c50-0806f4356f20,93,58,9535.27,2021-04-12,National Bank,2023-04-07,2023-05-19
ba0fbb77-c600-4bba-b765-582bed28b711,43,829,1618.01,2020-10-18,KCB,2023-04-12,2023-05-23
10c540c5-cc92-4f39-980c-06752250a7f1,62,932,4875.73,2021-04-23,National Bank,2023-04-25,2023-05-25
0be918a9-ebc3-4827-b8c8-ec7127fb7be4,47,389,5240.32,2022-05-07,KCB,2023-04-07,2023-05-31
72e03858-f018-4e27-9d5c-543edf5fea1b,61,900,9385.51,2021-03-23,National Bank,2023-04-19,2023-06-03
51f5d41b-44d7-4711-b973-30c126286195,83,742,5911.41,2023-03-23,ABSA,2023-04-10,2023-05-23
91e7342a-a703-4f5a-9900-ed226bb6e899,86,204,1808.51,2021-02-21,ABSA,2023-04-27,2023-05-26
8c7aa0a2-72be-4762-878f-37f710ec44cd,4,776,2671.54,2022-01-13,ABSA,2023-04-08,2023-05-07
ed8ac6c8-5d21-4e6d-8d63-f9a2144c5a53,10,995,6776.33,2022-09-12,StanChart,2023-04-22,2023-05-24
d5a85e8d-e959-4932-877b-506e6cc865fd,69,860,6058.43,2020-12-09,KCB,2023-04-22,2023-05-17
f9dcfc75-1a5d-423a-b358-66e1115ac66c,61,557,1032.89,2022-06-02,KCB,2023-04-29,2023-05-08
6761e590-1382-4dd2-8983-8520c8c88a80,58,613,6100.12,2023-02-20,ABSA,2023-04-19,2023-05-06
3908f6bd-cb2b-4d65-a35c-f72503a57a11,71,453,2641.51,2022-04-10,ABSA,2023-04-12,2023-05-26
deb26139-29eb-4928-8abc-70def6bf7696,5,108,7668.24,2021-12-19,ABSA,2023-04-17,2023-06-03
3aef1336-b283-4001-a3fa-f1a5d9448f1e,67,269,8055.83,2022-03-02,ABSA,2023-04-10,2023-05-30
b2b80499-0656-4934-bb01-78e130afeede,66,880,2899.95,2022-01-08,National Bank,2023-04-06,2023-05-29
96a0de80-58c1-4bc2-bc8f-d0c0ad2d6e03,69,984,6357.94,2021-03-09,ABSA,2023-04-22,2023-06-01
34a1cce8-8ee7-45c9-ad0c-0fe9366768d2,60,5,9177.5,2021-03-02,National Bank,2023-04-30,2023-05-30
4eb3ea15-20bc-4897-9ab9-96d1c332ada4,39,825,9535.4,2023-03-02,National Bank,2023-04-17,2023-05-31
4d49d4e2-e046-4d0f-85c9-54bd6a42ca41,24,152,3900.35,2022-10-14,National Bank,2023-04-21,2023-05-08
7979e244-db2b-4e30-b325-07fd7814d657,46,616,8627.9,2021-06-05,KCB,2023-05-03,2023-05-16
be883250-df57-4d72-a245-9810f0fccc46,41,620,1363.43,2021-07-16,KCB,2023-04-18,2023-05-16
b57fb1cb-de15-4d53-aba4-dddd121f088d,38,921,9396.01,2020-08-12,KCB,2023-04-10,2023-05-27
e7940a20-b96c-411c-9ad9-553d89652ea9,71,87,4330.05,2020-09-04,National Bank,2023-04-11,2023-05-08
5c4a4b17-fa51-4137-a50f-c1f3d21fd3d9,17,133,5319.6,2021-08-07,ABSA,2023-05-01,2023-05-06
2223bf2a-3896-4984-b349-255e48692794,35,429,6064.18,2022-07-22,ABSA,2023-04-20,2023-05-13
c77a29cb-56f3-4067-bfe0-99eeda00a6d7,43,734,9395.78,2022-08-29,KCB,2023-04-16,2023-05-12
d7e3175c-b3a0-44db-83b8-75587fc7319a,82,274,5091.53,2021-04-04,KCB,2023-04-26,2023-05-12
9f2bc809-31e4-415c-8151-84bd473e769d,46,878,8550.35,2023-03-26,KCB,2023-04-11,2023-06-03
faf1148d-2fdf-4848-9e2c-5f2cc204916f,37,566,4880.28,2020-08-14,National Bank,2023-04-30,2023-05-27
15343f0b-f66f-4b24-95b5-743b1909263a,61,755,9035.82,2022-10-28,KCB,2023-04-25,2023-05-21
34ecc3e1-6423-4c59-95a6-c87b2c1e4053,94,682,4207.39,2022-04-19,ABSA,2023-04-08,2023-05-13
0bcd8d3e-16f4-45b0-990d-b10daeb73daa,16,239,4312.17,2022-10-14,ABSA,2023-04-14,2023-06-02
20e1c7a4-eb29-45cb-b2a0-b8b132270eea,18,785,4453.98,2023-02-09,StanChart,2023-05-03,2023-05-25
40f51fb7-3aa4-4dc5-b23d-c9d584f9c929,85,533,1063.34,2020-10-10,KCB,2023-04-22,2023-05-24
b15a867e-ae63-4bd6-85ae-f5e2cf99f502,93,483,8760.58,2023-01-09,ABSA,2023-04-22,2023-05-29
8a870684-b03e-4411-baf4-9f229540a76a,58,721,4358.4,2020-10-31,KCB,2023-04-29,2023-05-06
ad08ced9-cbb3-4b14-9de7-c2c989734c5a,44,824,8664.32,2022-08-10,National Bank,2023-04-23,2023-05-31
ca39cf12-d8c0-45e9-9434-aa6f63bf0be2,82,690,2346.26,2022-04-15,ABSA,2023-04-11,2023-05-24
480a26d5-4054-4ac6-ad97-eed0b4db5d05,69,137,5583.19,2022-07-21,KCB,2023-04-29,2023-05-23
f9757a97-7f43-45a6-a475-3160c20dc8f8,53,821,6385.94,2023-03-28,ABSA,2023-04-05,2023-05-10
41470de5-9660-43ae-a7b1-9e0b29dcb867,60,893,7066.31,2021-06-30,National Bank,2023-04-15,2023-05-27
0851a4c1-ada2-4d85-a8a7-06b1f88a8c74,6,494,7549.3,2022-12-22,StanChart,2023-04-18,2023-05-10
f55666d9-e135-4a7a-bf88-244725d03932,8,612,9529.0,2022-10-26,StanChart,2023-04-30,2023-05-30
9db2d268-7314-4a7b-82f6-df403b24633c,46,288,2282.51,2023-03-07,StanChart,2023-04-28,2023-06-02
48afe67e-7eba-432a-9c85-7d5c9388498f,17,573,8263.03,2022-11-07,StanChart,2023-04-28,2023-06-02
90f13d02-4eb2-4719-bc93-a9bca84563c5,4,174,9031.59,2022-08-21,KCB,2023-05-04,2023-05-06
615f5585-baf1-43c2-aa4d-68b35ac620cd,76,114,2379.07,2020-08-16,StanChart,2023-04-05,2023-05-27
8866a22e-5edb-4441-b379-189734dc7b39,45,207,7408.9,2021-04-18,KCB,2023-04-06,2023-05-16
739e6d8c-b45d-4ccd-a9e0-73901b6f055d,4,849,9172.98,2020-09-21,National Bank,2023-04-16,2023-05-12
76b7ed89-96b9-4276-a243-c280870814df,32,422,6253.19,2020-10-16,National Bank,2023-04-05,2023-05-31
4b7203ae-217f-46d5-9ee3-ef7f75efe2e3,27,562,2233.77,2022-09-06,National Bank,2023-05-03,2023-05-25
1a4539dd-6c01-462f-a6ba-f8a753a1bbb5,43,492,8342.38,2022-12-24,KCB,2023-04-23,2023-05-06
deca8ce9-0fe0-4d30-bd40-5b1f93fd2e72,45,496,1590.27,2022-02-27,StanChart,2023-04-22,2023-05-06
20b87356-b58a-4140-af8c-b2e8c8605aab,43,40,6340.62,2020-10-30,ABSA,2023-04-25,2023-05-22
5d3555ba-53e5-4550-bf26-4677ebd6f1d3,35,924,9060.52,2021-05-14,KCB,2023-04-15,2023-05-25
09973cbe-29fb-412d-aeac-10ab5f897a67,9,10,3684.92,2022-10-01,National Bank,2023-04-30,2023-05-30
b1684faf-4725-40c2-a679-dbe656a3d6a6,36,89,7947.46,2022-08-08,StanChart,2023-04-09,2023-05-06
d046428c-0d58-4afa-837e-3b40e931686d,10,8,4611.09,2022-10-04,KCB,2023-04-21,2023-05-08
a631f200-efdd-4dc3-9e58-16037bd090da,55,248,4210.27,2022-01-24,ABSA,2023-04-07,2023-05-13
083d9c55-24d2-46a4-92b5-8a3e2ee3725f,6,344,2692.17,2020-12-31,KCB,2023-04-26,2023-05-10
bbff161c-3555-4c3d-85fd-8471c6bdbc32,86,735,3084.59,2021-07-19,National Bank,2023-04-27,2023-05-21
adeb25c7-48de-423b-9261-37bd84a37c24,45,445,6278.83,2022-09-26,National Bank,2023-04-22,2023-06-01
36ff90ee-6b10-4544-a0d1-4cd31a24698d,54,85,1588.19,2022-08-02,StanChart,2023-04-27,2023-05-24
86ce544f-d48c-42a8-9ca1-f4eb6a8e316d,47,258,3268.41,2021-06-25,ABSA,2023-04-23,2023-05-17
b86bec18-3cfa-41b4-a892-3eb1f7a636fc,68,454,2388.13,2021-10-07,KCB,2023-04-10,2023-05-12
edc2e1e2-52a0-4aad-9a4d-d7dff60ed0a4,97,714,4260.85,2021-09-24,KCB,2023-05-03,2023-05-18
89b4b0ed-5363-45e7-8e8d-7631b5240cad,90,1000,8958.46,2022-07-02,StanChart,2023-04-14,2023-05-21
f89d82ef-21d4-43a5-a057-363eae36bf8c,49,494,4412.81,2022-06-01,StanChart,2023-04-13,2023-05-14
3fe66613-98c1-412b-8045-0b9bb67cf4f8,61,685,2042.0,2022-03-28,StanChart,2023-05-04,2023-05-12
4d5c8a68-4b0c-463c-a25b-14dce9f88cb5,43,784,1998.34,2022-01-11,KCB,2023-04-19,2023-05-08
b50ae969-d072-4d18-94d0-e767c4b5ea3a,51,684,5783.06,2022-06-05,KCB,2023-04-19,2023-05-29
17900fc1-4f98-46d1-9659-cba4487c84ed,29,722,6269.49,2022-07-07,ABSA,2023-04-22,2023-05-20
e684bb5f-53e9-485a-982a-3a4e2323030f,33,440,9724.69,2021-12-20,National Bank,2023-04-19,2023-05-22
a22c80fa-a083-4a59-aa12-9a707ad372ab,82,502,6788.45,2021-08-17,National Bank,2023-05-03,2023-05-18
24693fd5-17cd-4c17-b863-8dd692eac214,70,731,5317.72,2022-06-08,National Bank,2023-04-12,2023-05-16
f1135326-d4f4-4cfa-b36c-0e3240ab154f,13,377,2464.95,2021-08-20,KCB,2023-05-01,2023-05-07
f1528056-9c45-45a4-a7fb-a75f2ce61fb0,35,337,7242.85,2021-04-22,StanChart,2023-04-20,2023-05-19
ba541178-574c-4b74-a07e-97d26d2582bb,83,933,7083.51,2020-08-08,KCB,2023-04-18,2023-06-03
cea974ff-1657-417a-83d3-897bebaf27fc,26,979,3141.44,2022-05-01,ABSA,2023-04-23,2023-06-01
b547392d-6e51-4abb-9cb6-b7edcfddf2eb,79,926,8497.07,2021-12-16,KCB,2023-04-21,2023-06-01
34d8cd50-45b6-4cc8-8e70-49b247eb3a1c,47,223,5060.51,2020-09-03,KCB,2023-04-27,2023-05-21
b872c9fc-7019-4a55-984e-84f0d7126ff3,52,985,6855.58,2021-06-11,ABSA,2023-04-24,2023-05-16
745022ba-7eb6-4075-a41f-b653f7c0b110,28,661,5187.47,2022-01-14,KCB,2023-04-16,2023-05-15
5b6f7561-300b-4938-8898-59cd3f6034e4,24,926,8508.23,2022-04-02,ABSA,2023-04-30,2023-05-08
6322b7f7-e168-41ad-bfdb-3f32b1cd2b54,45,799,8601.57,2020-11-28,StanChart,2023-04-22,2023-06-02
42209d98-85e5-41ce-b31a-db5bc142dd3f,77,942,1477.21,2022-07-22,ABSA,2023-04-19,2023-05-26
f1285c52-e3c1-40a5-a3e5-c145f709d6f8,70,621,1781.2,2023-04-05,KCB,2023-04-21,2023-05-18
44cbf312-ccd8-48c1-a810-765faf2546cc,18,4,6948.66,2020-12-04,KCB,2023-04-08,2023-05-18
9e91ab88-abba-45bb-9eaa-9fe373b2512d,10,119,1442.99,2021-08-15,KCB,2023-04-26,2023-05-16
3739f2d1-4a4a-403d-ae4d-6ea2c7876546,23,883,3034.03,2020-12-09,ABSA,2023-04-14,2023-05-09
f22c1c24-d004-4f98-a7de-df2d9af228b0,52,520,2701.37,2021-07-09,National Bank,2023-04-23,2023-05-06
bababcfd-8331-44d8-bd81-aab456111dbf,16,23,7243.15,2022-07-13,KCB,2023-04-13,2023-05-20
101c5c74-9227-49b5-96de-a4273fe5654b,44,112,6040.34,2020-12-08,ABSA,2023-04-13,2023-05-16
3fe40523-118e-45c7-ac32-884233215a39,41,546,5805.27,2021-02-26,StanChart,2023-04-11,2023-05-21
485fbfca-d460-4b5e-9342-d84808b32fcf,5,677,4584.93,2021-12-27,KCB,2023-04-25,2023-06-03
58e1169c-c39e-44c3-8342-47bd530d5f1f,94,44,3771.28,2020-08-20,StanChart,2023-04-29,2023-05-12
633f5c34-42af-4fa9-868c-9b9febfe1adb,43,728,7697.81,2022-05-26,KCB,2023-05-01,2023-05-13
9d2e9afd-4e4f-4e01-959b-b8f40896c9a6,50,949,5937.7,2020-08-11,ABSA,2023-04-11,2023-05-21
726511c1-0fba-4d02-bda0-bedfe53aaf2d,35,898,6659.73,2023-01-13,StanChart,2023-04-13,2023-05-23
984b43d2-4997-4e5e-bf08-f1d7253493a9,36,54,8043.59,2021-08-15,KCB,2023-04-19,2023-05-25
f23d5531-670b-474e-a306-3de95c52542a,40,464,4850.05,2021-07-15,KCB,2023-04-28,2023-05-08
cf6bda6f-5c15-4cd9-82b7-a4e5e52421b7,50,252,2001.98,2022-06-11,National Bank,2023-04-12,2023-05-28
47fdc317-971b-4850-8d42-40e7599e38ce,40,737,7584.84,2021-03-08,ABSA,2023-04-26,2023-05-17
f337dc99-90e5-4866-8f62-21f2054d181b,76,143,9316.72,2022-07-01,KCB,2023-04-19,2023-05-06
01781efb-f726-4a3a-adb4-54b4dd1f99b5,66,700,7953.58,2023-01-18,StanChart,2023-04-28,2023-05-17
ca8e9f95-bed3-46f4-9578-e9b9869f2db9,26,817,8773.02,2021-11-23,StanChart,2023-04-20,2023-05-12
3e1fff73-ebcb-418c-b3ed-3187e53d4b3c,43,735,5167.66,2021-04-24,ABSA,2023-05-04,2023-05-13
9516a916-6296-4fa0-bbfd-9b39fb795f36,42,850,2579.45,2022-07-13,National Bank,2023-04-20,2023-05-11
37852159-da82-4401-adbd-a5d13dd498ac,51,214,8456.01,2021-11-01,ABSA,2023-04-23,2023-05-26
804e17d6-e8ab-4533-b3f4-43a49870b558,61,178,7825.57,2023-03-27,National Bank,2023-04-16,2023-05-19
fe47b05a-e29a-48a0-b285-0da222d2512f,32,326,3693.94,2020-10-18,StanChart,2023-04-29,2023-06-01
37ec5778-046b-472c-8892-e7c40332bd26,96,33,8830.28,2021-04-11,StanChart,2023-04-20,2023-05-24
751ae87e-0cc5-4133-985e-0fe433a3513a,44,198,3615.04,2021-12-26,StanChart,2023-04-21,2023-05-17
5cb99628-5538-416b-93f0-687950a2278d,49,326,7651.83,2020-12-31,ABSA,2023-04-27,2023-05-26
92dbf848-ae0b-49a4-be70-59a25cf2a616,98,407,3083.81,2022-03-08,ABSA,2023-04-05,2023-05-24
e81a2c45-5aee-405e-8b0a-d527ee972426,39,813,9597.17,2023-04-20,StanChart,2023-04-05,2023-05-10
1ba7ff7e-311e-49ac-8295-7c35dc2a4f9f,96,5,4031.66,2022-02-14,National Bank,2023-04-20,2023-05-15
fe831bd7-03c2-4f94-a796-d04d5a329390,65,649,3230.87,2023-03-19,ABSA,2023-05-01,2023-05-20
15def0a6-b72f-41ce-859f-47f4942984c0,63,739,6217.7,2022-01-25,KCB,2023-04-10,2023-05-31
d2bad259-e905-42f8-aaa5-d304116b21f4,95,963,5023.61,2021-12-12,StanChart,2023-04-26,2023-06-03
845822ad-176d-4f07-8ae3-88308024f585,85,87,3392.13,2021-09-10,StanChart,2023-04-29,2023-05-27
b4852e14-233c-48c8-9301-06d7e8f4e0cf,99,85,7183.04,2022-01-04,StanChart,2023-05-01,2023-06-02
5faec655-da6f-4cff-a33f-fe57ec5b15b1,65,399,4803.77,2020-09-21,StanChart,2023-05-01,2023-05-21
b88a3595-2b3e-4cff-a437-53ed4b82c28a,28,932,2672.7,2023-02-17,National Bank,2023-04-12,2023-05-31
0ee7c092-89cd-4376-b93f-607c4664d04d,29,248,8363.22,2021-09-04,ABSA,2023-04-28,2023-05-31
338e9417-16e7-4c7f-89af-211fb5b41e1e,94,827,5504.99,2021-06-23,National Bank,2023-05-01,2023-06-02
ab6351f1-6fb6-4816-a428-3f05dd5dfb78,13,60,9422.59,2023-04-05,KCB,2023-04-09,2023-05-19
f268fe47-c00a-4c32-a445-0d34081898ce,38,211,7871.19,2022-04-13,National Bank,2023-04-13,2023-05-09
2c0c1fb6-ce6a-4542-be09-dca505c9d53b,26,702,3559.52,2021-08-15,StanChart,2023-04-19,2023-05-08
0304baa4-b7b3-4583-8e40-da0df9c1df57,25,829,9318.02,2021-11-08,StanChart,2023-05-02,2023-05-10
ba9571c7-6366-40ff-9cd5-d81b540ae003,62,190,4370.53,2021-04-18,National Bank,2023-04-28,2023-05-13
776d5a51-7d3a-4b75-ad37-05709b3a1d41,22,590,1931.28,2021-03-12,ABSA,2023-04-14,2023-05-26
a8ed4f9b-5628-405e-b185-884819f3c43c,94,547,1897.3,2022-10-04,StanChart,2023-04-14,2023-05-15
3cd08edf-4cf8-4f6d-9ad7-c19c95252795,85,131,9852.81,2021-09-29,KCB,2023-05-03,2023-05-24
ecbbf8e5-de1b-4cb5-9045-eff7d15a8eea,82,546,8733.26,2022-05-31,KCB,2023-04-06,2023-05-14
f33ed47b-87b8-4e26-8d87-11cf294e5f27,89,317,7573.4,2022-03-28,KCB,2023-04-17,2023-05-28
b7ae1aab-8ac8-4e75-bb3e-276117a290ec,38,925,8225.16,2020-09-06,StanChart,2023-04-15,2023-06-02
0e3801be-5fe5-4ec9-b781-ccc949bf3256,83,932,4840.42,2023-02-24,ABSA,2023-04-08,2023-05-08
7be025d9-ca91-40ef-8d11-be4f3f6b36cb,35,544,5103.11,2021-07-02,KCB,2023-04-18,2023-05-17
21e6dcff-a86b-4001-be86-46d4d86ada7c,98,943,4494.68,2021-03-06,StanChart,2023-04-13,2023-05-06
c7f61ad6-9b8d-4c25-9c1b-cd92c0447add,18,536,1868.69,2020-11-23,ABSA,2023-04-25,2023-05-26
04fda704-be2b-4003-967b-6b5df84e6e80,15,321,9891.57,2021-06-14,StanChart,2023-04-15,2023-05-07
448c03f8-18b0-4785-866f-7fa001a791d4,90,485,2524.25,2021-11-09,National Bank,2023-04-07,2023-05-19
1aa72b7b-ce24-4c85-885d-8d74d72a3026,53,417,6061.63,2021-05-06,ABSA,2023-04-09,2023-06-01
867900b1-030d-4f9e-a564-a221987296f4,78,410,8302.95,2021-06-25,ABSA,2023-04-27,2023-05-20
d75cd1e5-aa01-4754-a99c-8770806bbfb0,82,4,2762.61,2022-01-08,StanChart,2023-04-22,2023-05-31
78a70004-98fe-4eb8-bae9-22942349d17a,68,436,3866.41,2022-12-03,StanChart,2023-04-15,2023-05-17
68755d67-6a54-4dc0-8032-d9cdc264303b,15,901,7172.06,2021-02-26,National Bank,2023-04-30,2023-05-23
89cd57c6-8cc2-45cb-b838-9e1a067ac5cf,53,900,9324.51,2020-12-24,StanChart,2023-04-11,2023-05-28
17e27918-f76d-483b-8f5f-0f19d7487989,89,413,5639.81,2022-12-31,KCB,2023-04-20,2023-05-24
8e854cc6-0bd5-4ffb-94d4-c0f0d7a8b717,43,54,7981.42,2021-07-27,StanChart,2023-05-03,2023-05-13
ec4754fb-5aaa-4bb7-8923-0f35479b5760,8,993,2396.87,2021-06-19,KCB,2023-04-15,2023-05-29
a7ccc32a-97b7-4f1a-826a-b9fb65e3a070,29,238,8487.32,2021-06-01,National Bank,2023-05-04,2023-05-20
368a0a06-246c-4aa1-b252-e5948791b53a,46,151,7292.99,2020-12-06,StanChart,2023-04-21,2023-05-25
29844c97-bb35-4236-b387-7b5218209435,11,107,5368.81,2022-07-20,KCB,2023-04-22,2023-05-24
1089d359-8b99-44a9-a216-200a292a8a50,81,744,9333.24,2021-09-20,StanChart,2023-05-04,2023-05-26
f7858d6f-5801-44b5-bee0-3ca1da225cad,27,241,7808.75,2023-01-15,StanChart,2023-04-26,2023-05-05
eb37a1b8-f1f5-4484-8ffa-0c6c31214adf,81,756,7406.64,2021-12-15,StanChart,2023-04-05,2023-05-19
c829b5ec-23fd-4d49-b769-59255afa0e6b,27,678,1055.72,2022-05-18,KCB,2023-05-01,2023-05-28
871d19c0-7bb8-4fdd-b046-ab70222efd67,89,764,1243.85,2021-07-16,KCB,2023-04-07,2023-05-09
74743695-d141-44d9-a2fd-763efbc282d5,73,166,1309.62,2022-12-16,KCB,2023-04-14,2023-06-01
bd144f3f-0d26-4f42-a008-3eb7ddaf1ad2,7,164,1782.54,2022-03-04,StanChart,2023-04-26,2023-05-12
c7b5976b-e0cc-4f37-92ad-ed74dc12387e,84,684,2402.44,2022-07-08,StanChart,2023-04-30,2023-05-07
2da56903-1736-4ccd-9a5b-84a36b28dc51,26,427,7308.69,2021-03-05,National Bank,2023-04-11,2023-05-18
c35d0210-fd2c-4852-abcd-3a4bd6f9cde0,7,830,9206.63,2021-01-14,StanChart,2023-04-18,2023-06-02
15a4a800-7896-4a61-a030-17ce0b03dd89,40,528,2099.99,2023-03-31,National Bank,2023-04-18,2023-05-18
8dcc22fd-ce52-4ae3-897e-ee570fa964b9,42,148,2387.05,2020-12-02,KCB,2023-04-18,2023-05-07
c1f866f2-c7fa-4088-bc83-a911d36d5e29,70,103,5936.32,2022-04-07,StanChart,2023-04-22,2023-06-03
c12e255e-64b1-41f1-8e0f-8ef4aff71f4b,71,772,3145.42,2021-12-28,KCB,2023-04-14,2023-05-07
144d288b-6b97-4def-88f0-9a4b713ac2a6,24,386,6548.91,2022-05-17,StanChart,2023-04-20,2023-05-18
0cf0be3b-e671-4164-a20c-c9e630c3261d,50,441,9476.33,2023-02-10,ABSA,2023-04-30,2023-05-27
38ef0e3e-5a42-411c-8c8b-c94c7c4ee4d6,48,494,8816.22,2023-01-07,National Bank,2023-04-26,2023-05-12
0db5cb9e-4930-428a-b03c-7f66f0912006,85,446,5417.71,2021-04-18,StanChart,2023-04-12,2023-05-21
74145f18-1f5f-4597-850a-71c6acf7a7af,27,714,5121.74,2020-12-30,ABSA,2023-04-24,2023-05-09
f9667e46-44a2-481d-ae48-60304e70a2fd,23,899,1556.33,2021-03-21,National Bank,2023-04-05,2023-05-09
0fb61e0a-fce0-43fc-a08d-39d7fa8c2b67,39,296,8051.56,2021-01-01,KCB,2023-04-05,2023-05-15
c5b7c509-e7bc-4a57-a2d3-d9374984bd92,33,1000,8201.12,2021-03-23,National Bank,2023-04-16,2023-05-12
6196a888-8b10-4b21-a532-4f9a773ae1e1,88,509,2608.7,2021-04-10,KCB,2023-04-12,2023-05-11
767f5819-89aa-4974-8471-e5438fddcbc2,71,923,6272.56,2022-02-08,StanChart,2023-04-10,2023-05-13
1102a164-f91c-4414-be71-392aacfce353,47,678,3418.97,2020-11-24,KCB,2023-04-13,2023-05-31
94ab46b0-e01e-409b-a744-1f35157a3aa3,44,429,8979.86,2021-03-16,ABSA,2023-04-13,2023-05-06
ef62d75c-05d1-4930-8606-bba54817cc84,66,62,2236.17,2022-09-01,KCB,2023-04-25,2023-05-27
23b2e017-0c7e-4640-b1a3-e9820d24a505,83,710,3306.79,2022-12-17,StanChart,2023-04-19,2023-05-29
ba53d047-484b-4864-9b18-4c5e09698b8b,49,27,2964.16,2022-08-06,ABSA,2023-04-09,2023-05-26
efc45940-3960-4e7a-b767-5fb90d006337,90,936,2355.12,2021-08-10,KCB,2023-04-19,2023-05-10
c4daf8ed-6752-46f3-a689-d40670a7e590,26,262,6731.55,2021-07-30,KCB,2023-04-20,2023-05-19
0485458f-405d-4a39-b522-fbe37701d1d8,62,593,4500.21,2021-04-20,StanChart,2023-04-19,2023-05-20
30b13b4d-2f48-405c-988a-4cdde91c3d1c,66,370,9338.08,2022-02-20,KCB,2023-04-05,2023-06-03
aeb56402-062c-4abf-b0ba-d0454cdf0a97,51,348,2776.91,2022-11-23,StanChart,2023-04-26,2023-05-17
0312113d-9628-488c-9e85-8dbc67a2805d,27,151,5038.1,2021-05-02,National Bank,2023-04-21,2023-05-30
29492725-9784-4e27-af8f-c3889ed27f33,54,572,5670.25,2021-05-12,National Bank,2023-04-27,2023-05-19
f3ffb582-60b0-4ac3-bf0d-cb04a54e1c5b,13,189,8066.17,2021-05-17,KCB,2023-04-28,2023-05-12
38502e8d-3626-447f-af3e-9b45c996f9a0,96,631,2686.12,2022-04-29,StanChart,2023-04-17,2023-05-22
8d8ec3f8-26e9-4355-9376-08d68791ff56,19,57,3255.33,2022-02-03,ABSA,2023-05-02,2023-05-11
8808c89d-a621-409f-a50b-d5b7852baf13,13,121,2786.07,2021-08-02,ABSA,2023-04-24,2023-05-06
005c41b3-a7eb-4f7d-ab5d-4265f8268f22,28,111,2868.7,2020-09-16,National Bank,2023-04-29,2023-06-03
ddd839bc-8354-4c35-8065-3c47f8e36547,12,293,4358.43,2023-03-05,National Bank,2023-04-27,2023-05-23
2f9ffe48-a474-4e56-b75f-6238f2e8e91a,57,440,4497.7,2022-06-25,StanChart,2023-04-10,2023-05-31
4d14fc29-29fb-4365-9127-cd03d6cb7e19,27,880,9675.79,2022-08-24,StanChart,2023-04-13,2023-05-23
29be9c89-18c5-479c-a075-5bf2c586234a,62,912,2777.16,2021-08-29,StanChart,2023-05-02,2023-05-06
b9942930-96db-4c40-835e-d8b0e60aa875,65,771,3572.67,2023-02-28,National Bank,2023-04-14,2023-05-31
75c5e3e6-eb2c-4023-b6a3-bb4eb20dbd75,70,707,2609.77,2020-10-25,National Bank,2023-04-21,2023-05-19
18646d80-e239-4e44-8947-118539be89f6,43,374,8885.41,2021-02-14,ABSA,2023-04-27,2023-05-05
97c4b188-7799-48cc-8531-c50fd141a855,4,62,6408.94,2021-09-28,National Bank,2023-04-14,2023-05-17
98ed6e50-a9ee-4b9b-966f-ed90d1603776,25,881,5976.68,2022-09-09,National Bank,2023-05-03,2023-05-12
a61701e7-2c13-4a6e-86a0-232a83104de7,31,557,8071.28,2021-06-09,National Bank,2023-04-19,2023-05-23
b9d0c372-6d97-4ec2-9021-133dcfa5988e,6,130,7158.11,2022-10-22,ABSA,2023-05-03,2023-05-07
ec6ad509-fb5c-4184-a49a-7be8102b9624,16,822,1146.81,2022-07-13,KCB,2023-04-24,2023-05-19
d3d16788-adce-42a0-97c1-776d274120d4,100,923,1439.06,2020-12-06,National Bank,2023-04-05,2023-05-22
485c936e-fc0c-4394-992d-713d15ec7d42,74,691,6968.87,2020-11-14,StanChart,2023-05-02,2023-05-09
343f78b2-2706-4dfe-b5ab-9f16b7ef1c24,56,570,7713.39,2020-10-30,KCB,2023-04-24,2023-05-16
2ebcef58-5dd0-428c-a05a-54e180b03204,88,597,4194.07,2022-01-28,National Bank,2023-04-05,2023-06-02
69f90905-641a-42ce-b0a0-d5bd73d53dc9,39,911,2692.48,2022-08-02,ABSA,2023-05-04,2023-05-14
30af13c8-9290-41e0-a333-16d94f27a7de,28,319,9897.21,2022-08-18,National Bank,2023-04-14,2023-06-01
f73bee98-2e75-4ccf-9351-5ef2f84dad11,47,645,5397.14,2021-11-28,KCB,2023-04-14,2023-05-16
8bdc14f1-92ee-491c-9f4c-9fa97ea973cf,34,267,3057.05,2023-01-13,KCB,2023-04-27,2023-05-27
54bdfa81-010e-4d69-b616-8e2cb05e3738,36,64,4631.5,2022-10-22,National Bank,2023-04-14,2023-05-31
fbc78bfd-2232-45de-bcea-5d543bd80298,29,454,8086.79,2021-02-15,KCB,2023-04-13,2023-05-13
6864a685-3ffe-4a5a-a298-3e9f6689210e,10,561,5380.81,2023-03-16,StanChart,2023-05-02,2023-05-31
4303b3ea-2a77-4741-ba88-4be2aa277d7b,8,493,6904.1,2021-02-09,National Bank,2023-04-29,2023-05-13
07408be7-4f6c-4be6-a286-dbbcefa52aef,41,454,9070.62,2021-05-23,National Bank,2023-04-27,2023-05-30
46a92ec0-47c2-4134-8229-1e13559bef34,69,112,5465.75,2021-12-30,StanChart,2023-04-12,2023-05-19
4af7580a-4c89-4088-b86d-cb6d0f5a84ba,48,9,8148.66,2021-07-27,StanChart,2023-04-22,2023-05-20
dab47413-8f7b-4ba7-9026-1a37c34b15fb,4,418,3407.04,2020-09-23,ABSA,2023-04-13,2023-05-17
1f8c9128-d208-4fba-8b75-08dac5131cb3,84,762,3690.74,2023-02-14,National Bank,2023-05-04,2023-05-13
cc23e1cd-2eeb-4bb3-94c7-66d3b0968efb,38,964,9280.77,2020-11-02,StanChart,2023-04-21,2023-05-17
28bcf388-b6b2-440b-91bf-48f9639197b9,54,292,3528.56,2020-10-20,StanChart,2023-04-07,2023-06-01
00001c69-8396-41aa-b6a8-f06eabe6867b,94,853,8444.43,2021-09-25,ABSA,2023-04-30,2023-05-28
a9ff8f1a-7bd9-4a93-8f26-3708d35a1527,3,306,1690.18,2021-02-14,StanChart,2023-04-06,2023-05-28
664b3256-e2d3-44a2-9e13-78ac260f0bc2,62,594,2442.59,2022-01-25,ABSA,2023-05-03,2023-06-02
c5b06797-0b65-4873-86b0-5a8bd45b99d7,48,473,2581.12,2022-03-31,National Bank,2023-04-30,2023-06-03
cf6c1e86-c26b-4595-a617-1c63b775ef75,1,780,4174.22,2021-08-14,ABSA,2023-04-26,2023-05-08
60402191-cd4c-4381-840f-d3f6e5dc3b64,69,737,5364.44,2022-04-08,StanChart,2023-04-29,2023-05-15
cf9093a9-bea5-44c2-9fe1-8201a658176b,10,5,4633.28,2021-12-31,National Bank,2023-04-29,2023-06-01
452af33f-b16c-4bac-99dd-ac1ebe36efeb,39,820,9365.09,2020-12-31,KCB,2023-04-18,2023-05-28
7cbd275c-ab63-4257-bcaf-21654c2183dc,98,839,4675.34,2020-08-17,ABSA,2023-05-02,2023-06-02
9beae686-971b-4e4b-baa1-4bb70b7271e4,36,495,2599.99,2021-02-11,KCB,2023-04-21,2023-05-29
5c69bfe7-a711-4979-ae3b-e3d581c3e09c,15,657,6160.98,2021-05-15,StanChart,2023-04-14,2023-05-06
70d47b2b-5f32-4cfb-8c0e-d252571f6c57,32,971,6510.93,2022-04-10,National Bank,2023-04-22,2023-05-19
cb83aa81-0ec3-49f6-a0c1-0844c27decf8,83,284,9824.56,2022-12-10,National Bank,2023-04-18,2023-05-12
4ba03b34-8efd-4dda-b7ab-5e4d576761c7,82,848,2892.61,2021-07-12,KCB,2023-04-05,2023-06-03
c84037c6-dcd4-48b2-b616-ba827e63e1b7,73,463,5842.42,2022-04-05,StanChart,2023-04-06,2023-05-21
d3981f4c-1084-447d-8a46-c2bd161237e8,89,578,2589.49,2020-10-19,KCB,2023-04-16,2023-05-05
d9b1ba9c-df25-46d1-b122-2c65871006c3,66,746,3099.76,2020-11-08,ABSA,2023-04-14,2023-05-31
1da3b77f-1cc7-4293-9a99-cd82666f7520,52,50,4496.82,2021-09-15,ABSA,2023-04-23,2023-06-02
6cf66422-4474-4a5e-b693-c4db87fa5aa4,8,863,5457.12,2022-11-08,StanChart,2023-05-04,2023-05-14
174a34da-4bc9-49f6-9c39-fe27b5489772,56,493,3666.92,2021-01-10,National Bank,2023-04-20,2023-05-26
3aa62634-1faf-4bcf-b0e6-921c32e68a53,60,508,8881.76,2021-06-04,KCB,2023-04-16,2023-05-29
4bb7f58d-72d5-4fc6-b1d8-0914b10ea1ba,2,523,4704.67,2022-10-26,StanChart,2023-04-18,2023-05-13
810492f6-4d53-48a1-8b7c-f33130f4f7b8,81,184,6205.48,2020-11-01,KCB,2023-05-04,2023-05-14
59e9813d-38ee-4a89-a315-4cdcab9a630e,1,514,2263.25,2020-09-30,ABSA,2023-04-26,2023-05-31
b9a9fb92-def6-47c5-aa11-8ed81c0d613a,70,601,3009.99,2022-11-22,StanChart,2023-04-08,2023-05-07
1bfac614-5582-48ba-984a-3077e06aaa40,17,666,5164.69,2021-12-23,KCB,2023-04-05,2023-05-20
74de4301-cde0-4dcd-9716-ca9a37758955,56,391,3516.65,2022-08-16,KCB,2023-04-25,2023-05-26
ba006a8b-ef71-46a7-ac75-7ac18a095fd7,41,645,3269.68,2022-09-02,National Bank,2023-04-14,2023-05-15
c43107e0-eb07-4ffc-a71e-4e970c6c5312,53,95,9799.14,2022-04-05,StanChart,2023-04-07,2023-06-03
79c5b5f3-7568-4afb-8583-006812464739,71,479,1967.94,2023-01-29,National Bank,2023-04-13,2023-05-13
bdbbc515-d963-409c-905c-fbc2a65fe81c,4,260,1377.33,2021-02-16,KCB,2023-04-25,2023-05-24
b2efb664-5790-4096-9eb5-4d8865971ba6,86,526,1099.92,2022-02-26,KCB,2023-04-06,2023-05-09
ed750eaa-1357-47ac-8295-4bcc9847e3c4,7,534,6465.97,2022-05-22,KCB,2023-04-25,2023-05-10
55312bd2-6916-4fdd-8485-683b1fac753d,46,252,2130.34,2022-01-28,StanChart,2023-04-07,2023-05-31
4e6606c0-782a-480a-a04e-9d1d2018b061,31,486,4141.82,2022-07-15,ABSA,2023-05-01,2023-05-26
183f33c5-8591-46e5-992d-1c0890dd5b59,83,766,4931.38,2020-09-17,KCB,2023-04-22,2023-05-17
b3b5d2e3-829d-4989-88de-227800e2cdc2,33,209,1502.6,2022-12-10,StanChart,2023-04-22,2023-05-07
2cd079cb-23d0-4313-8f6e-5ee0c1616c99,29,852,7310.87,2023-02-15,ABSA,2023-04-22,2023-05-21
856ccae5-ef42-4072-bf40-4b22736717b5,54,460,1688.51,2023-01-07,National Bank,2023-04-08,2023-05-17
f90133a1-48c5-407b-bd2b-41566e5aaf15,48,888,1460.3,2023-03-09,KCB,2023-04-20,2023-05-25
f5b51811-7e81-4be7-89ae-fbd40b6610e6,35,574,3179.14,2022-05-20,National Bank,2023-04-17,2023-05-21
d0c48612-ecdc-47e0-894b-be54d9a62752,94,949,3057.47,2022-08-11,StanChart,2023-04-26,2023-05-07
4c00c2c6-981c-4a81-bac2-9cb2e7d539b6,44,561,3442.59,2023-01-21,ABSA,2023-04-14,2023-06-03
ccd74d30-a691-4f84-94d2-5197de7144ef,63,300,7764.2,2022-05-27,National Bank,2023-04-06,2023-06-01
1339f683-e79c-4734-8477-e68861505c47,15,944,1912.69,2021-08-23,National Bank,2023-04-06,2023-05-13
d4b1f4b9-1b01-4ef5-b970-005713c8c28e,86,192,3228.78,2021-01-17,ABSA,2023-04-13,2023-05-17
c3fdb612-5a62-434e-857e-5fb0fa06bd42,64,969,6166.34,2022-04-03,KCB,2023-04-12,2023-06-02
f334e30b-d1fa-4258-a123-473353e613e4,8,714,1264.53,2022-12-30,StanChart,2023-04-29,2023-05-21
234b3830-cf94-4f1a-833d-63401660fc37,63,150,6445.7,2021-11-11,KCB,2023-04-18,2023-05-23
6d707892-edf4-4df8-85f4-9d217a92c9a5,85,122,4917.14,2021-07-23,ABSA,2023-04-07,2023-05-23
8c657c92-bd9d-492f-a4ab-40183f19a3d4,14,134,3100.91,2022-05-08,National Bank,2023-04-27,2023-05-27
7262f6ab-3972-4980-8548-3700795319a8,10,497,9705.85,2021-10-15,KCB,2023-04-17,2023-05-30
677543c6-a6b8-429e-a031-3ddae1869d54,28,370,3274.1,2021-04-14,National Bank,2023-04-14,2023-05-22
be85bf2c-a48e-4398-a019-9de6c10a4626,28,345,3932.06,2022-07-13,KCB,2023-04-29,2023-05-29
fbdf5ad7-5e85-4e93-a1da-f6f00c37cef4,80,491,6197.97,2020-10-16,KCB,2023-04-16,2023-05-26
8d0ff04f-5e2b-4550-a6dc-d4a772937d86,31,811,8229.68,2021-05-28,ABSA,2023-04-11,2023-05-28
4aa8a863-dc76-448c-b792-76396bc948d4,75,260,1835.17,2021-06-06,ABSA,2023-04-18,2023-05-29
2e19a50c-7297-47b7-a03f-c629058ad1ec,75,671,3637.38,2022-05-07,National Bank,2023-05-04,2023-05-20
8f07be7c-d389-40d1-8c3d-e95f0b2625ac,39,890,7924.44,2023-05-03,KCB,2023-04-21,2023-05-21
e099f157-9806-4fa5-8f12-218914760509,20,961,1300.43,2020-08-25,KCB,2023-04-29,2023-05-16
be2f7f93-435e-4a1a-9801-773cddbbe76b,52,509,1282.09,2021-12-03,KCB,2023-04-26,2023-05-18
3b09a67a-f04c-42c3-a2c2-1a40c045007f,44,817,8189.52,2021-07-08,ABSA,2023-04-28,2023-05-30
482178c2-49fa-48da-bfb2-d4752fe2f3cf,43,944,3130.89,2022-10-06,ABSA,2023-04-13,2023-05-29
93402159-ec68-4e5f-9c5e-f97258008b0d,67,650,6104.49,2023-02-22,KCB,2023-04-25,2023-05-21
c6dfdcb9-e8f8-4944-88c1-c3a3f1efc2a7,14,359,6908.31,2022-04-12,KCB,2023-04-14,2023-05-29
3e0dfbae-007a-4c2b-af1b-beb7f8a9940c,51,27,5463.5,2020-10-26,StanChart,2023-05-02,2023-05-20
0625cd32-3a59-42b3-9d74-305fa3cd1761,12,387,5010.02,2022-04-10,ABSA,2023-04-27,2023-05-18
1619960e-973f-4391-86d0-569637457a37,49,705,8916.57,2020-09-17,KCB,2023-04-29,2023-05-10
07010064-d1d3-4d2d-8106-0bf190bc0b68,90,67,4562.56,2021-09-17,KCB,2023-04-15,2023-05-05
f8fea6f0-6d08-469c-bd78-882f74fe0901,63,549,9565.47,2022-02-15,ABSA,2023-05-04,2023-05-15
0f3d6463-1e19-4423-845c-1b78982e68ae,84,815,8727.36,2021-03-26,National Bank,2023-04-11,2023-05-08
3f700625-4da6-478c-b1c3-3521ae1c95a8,92,83,4059.73,2022-11-11,ABSA,2023-04-06,2023-05-05
e7d25074-7dba-47aa-a0e5-903f98d24876,8,862,4960.8,2022-11-19,StanChart,2023-04-16,2023-05-25
23b6af17-c9f3-43f7-9e43-f628362ae069,65,717,1881.42,2023-04-11,National Bank,2023-04-28,2023-05-21
63831252-7cb7-4f66-ab57-8af853cb9f9e,11,141,2996.29,2022-03-18,KCB,2023-04-21,2023-05-29
3faa885e-67d2-45d8-b4cc-a9999ab92a51,15,599,9242.61,2021-08-14,National Bank,2023-04-08,2023-05-17
6e18df4f-b12e-452f-9219-0f15dc4c64cb,59,341,1373.14,2021-12-31,ABSA,2023-05-02,2023-05-28
866c8349-5391-4e30-87b9-7f43273f251f,88,908,4152.16,2023-02-15,National Bank,2023-04-29,2023-05-26
6b76b52c-18a7-4938-9374-756dfcb8fd66,54,456,4530.15,2021-08-11,KCB,2023-04-16,2023-05-31
39363896-a72d-4a8b-bf6f-bd396603197a,62,182,8411.31,2021-05-18,ABSA,2023-04-30,2023-05-30
5e2f75d7-5f35-4655-aef4-a3c5825c6afe,71,511,9711.05,2021-01-01,StanChart,2023-04-27,2023-05-13
2611b6c1-f213-4982-9ee1-25b897c93df8,72,224,1822.5,2022-07-18,National Bank,2023-04-29,2023-05-25
d2669490-1657-496b-aaa0-a872a6c212ea,54,615,8907.38,2022-03-10,ABSA,2023-04-20,2023-05-23
6677e7b0-c866-479c-8ef2-17db7b76116f,59,408,8383.35,2022-02-17,National Bank,2023-04-18,2023-05-24
074a19b5-d1a6-4535-8ae3-6373172f9e80,6,988,3722.68,2021-09-07,National Bank,2023-04-14,2023-05-25
6468b345-9a00-487b-9e65-599d114195bb,77,515,3656.43,2023-04-11,KCB,2023-04-22,2023-05-13
354979bd-aabb-47a2-a06c-a49d1e9a59ed,81,819,2445.22,2022-12-17,ABSA,2023-04-08,2023-05-23
d5b64816-834b-4fac-931b-8d414a70501c,34,58,2387.63,2020-11-09,KCB,2023-04-28,2023-05-25
94225e98-5a6d-4f96-996c-3fd84694043a,25,342,2819.07,2022-06-29,ABSA,2023-04-08,2023-05-17
d9c57a6a-1483-48ba-8a87-f0b45eff642f,72,993,1367.67,2022-03-03,National Bank,2023-04-17,2023-05-15
a74c90f7-55bd-4639-9ed3-4e4b249efd52,5,662,9607.25,2021-12-31,National Bank,2023-04-23,2023-05-31
1b5a110d-8e7e-463f-9802-e907becf6b7f,60,459,5798.07,2022-09-18,National Bank,2023-05-01,2023-05-26
f57f8b82-734a-4e0c-a46a-49cc80ef98c6,19,435,1836.18,2022-10-08,National Bank,2023-04-13,2023-05-19
6d226c68-bfc0-4135-97bc-f48985b0b9c2,72,882,7396.66,2021-04-22,ABSA,2023-04-15,2023-06-01
aa55276f-8dd6-4441-958f-ceb328d9f921,50,373,1255.99,2022-10-21,StanChart,2023-04-27,2023-05-28
2826cc9c-1c04-4386-9fd6-51e8259cd081,41,797,6951.82,2021-03-01,ABSA,2023-05-02,2023-05-19
b3f77352-8073-424d-8236-d3147fb24be5,79,536,4889.75,2022-09-23,StanChart,2023-05-04,2023-05-22
ffc026b7-1f5d-4692-9095-02bef0a170b3,51,554,8167.62,2023-01-29,StanChart,2023-04-17,2023-05-15
046f0e58-165f-4de3-aeeb-56543fb4c75e,3,253,9636.12,2020-09-05,National Bank,2023-04-16,2023-05-11
ffab627f-6a33-46b3-ac0b-6f843ff7893a,86,770,2193.58,2023-02-08,StanChart,2023-04-05,2023-05-24
73c6c9d9-a7a2-46d9-9a29-3a789ff12f59,22,674,5963.53,2021-04-21,National Bank,2023-04-13,2023-05-27
b274e334-e80b-4bfb-8e0e-db1e215d9546,95,660,3223.96,2021-10-22,National Bank,2023-04-13,2023-05-16
999b6ddd-0416-476a-af8d-ff19181fecb2,91,297,6910.3,2021-02-12,StanChart,2023-04-23,2023-05-18
503a5f9e-0503-4530-b16e-c4b6ea88ed91,81,91,5433.61,2022-11-14,National Bank,2023-04-11,2023-05-19
733feb1b-a28c-40e8-af64-713a9fc22e7a,49,565,9215.89,2023-03-13,KCB,2023-04-21,2023-05-10
abc3a3a3-94da-4895-b558-ec82056399f0,58,837,4947.99,2021-09-28,KCB,2023-04-06,2023-05-25
d3aa8706-eb20-4091-bf14-90e537df8889,32,984,5870.01,2022-10-13,ABSA,2023-04-07,2023-06-01
80243ff8-0b69-4d2b-ad3a-f131f7bc3e2f,66,544,7870.25,2021-01-04,ABSA,2023-04-15,2023-05-15
2338bc33-9b98-4c9c-a35d-66e4f796dfe9,58,923,4081.89,2022-06-03,ABSA,2023-04-14,2023-05-26
16437465-6b2b-4e6c-9102-1a84682ab23e,28,32,9248.07,2021-08-25,National Bank,2023-04-22,2023-06-01
5f483cdf-51aa-45b1-a490-35a09ceef892,70,271,4049.68,2023-03-02,KCB,2023-04-11,2023-05-20
856ba13d-b285-4bf9-addd-77efc311ff23,69,560,5675.7,2021-07-15,National Bank,2023-04-19,2023-05-29
e4620c45-d1b2-4799-9e3a-f8aae06fb57f,58,154,4193.97,2022-11-12,KCB,2023-04-30,2023-05-30
58364453-5a82-4633-8d43-88e7c25481b8,43,850,7808.16,2021-10-22,StanChart,2023-04-05,2023-05-12
0162d1c1-daf7-4604-aca3-fe3cdef2d691,50,965,8217.04,2022-10-28,ABSA,2023-04-08,2023-05-19
d0ea95f0-4dc6-4727-981d-4c53936bee2b,15,707,3989.19,2023-03-03,KCB,2023-04-19,2023-05-13
34894e6f-4a60-4c47-a94f-9a0a338e9535,86,319,3322.41,2021-09-01,ABSA,2023-04-12,2023-05-27
763bbed7-7129-4a0c-8ad7-ad8b559cf7c2,9,785,2292.32,2023-02-21,National Bank,2023-04-10,2023-05-08
6c3ea85a-89f9-4f2a-a1cd-a2ba1a8f0da5,80,993,4533.51,2022-10-25,ABSA,2023-04-27,2023-05-25
4b9196b0-21d6-45fa-91f3-beeab4c65d75,6,479,3203.61,2022-07-29,ABSA,2023-04-07,2023-05-25
120c67a1-344b-4f1f-95c2-a917508cfe08,22,26,9344.66,2022-11-09,National Bank,2023-04-25,2023-05-21
95825852-0b24-4f4f-a560-a34cf92baa8a,75,234,8276.99,2021-06-06,KCB,2023-04-16,2023-05-23
fded3081-eab1-42fd-994b-d26a751b8d85,43,253,8086.37,2022-12-25,ABSA,2023-04-05,2023-05-11
087aca8d-a52b-472a-9921-6929bfde3d79,43,331,9159.31,2021-01-04,ABSA,2023-04-21,2023-05-21
84087cbc-5d93-4a68-b892-4c7d6b2e0a0f,25,641,2805.93,2023-03-26,ABSA,2023-05-04,2023-05-16
5387d0ae-cd06-4a65-a9f4-c5ca5dc4359c,57,332,1662.63,2021-02-16,KCB,2023-04-30,2023-05-22
9bced990-92e5-4860-b4c6-cac1163d2220,4,900,3814.33,2022-12-03,ABSA,2023-04-07,2023-05-16
ae483a25-8911-4bc5-994c-e2e806e8d4ba,1,183,1203.7,2022-07-07,National Bank,2023-04-10,2023-05-31
165abf73-7687-4a0a-9c65-36716843ea19,87,715,8777.64,2023-03-06,National Bank,2023-04-29,2023-05-08
d86bbba3-1b34-4f41-a516-f5ea21b6b4ed,44,720,7348.71,2022-04-18,ABSA,2023-04-18,2023-06-02
b866171c-e259-4fbb-9b3f-d37d9bf10fe3,12,831,3549.13,2022-05-11,StanChart,2023-04-24,2023-05-30
cd7d2844-a4c1-4701-bef4-b73ad36ddcc7,28,242,4397.21,2022-08-03,ABSA,2023-04-16,2023-05-21
5e4ce88f-72d5-44b4-99c0-adeca025d748,15,289,6010.98,2023-04-12,ABSA,2023-04-07,2023-05-30
f1f7c195-44cc-4e71-8ab1-e3160cb2a360,45,261,9093.19,2022-05-04,ABSA,2023-04-09,2023-05-25
6cf5d913-3473-4ef1-9828-33cbbea69481,87,306,7765.86,2023-02-10,National Bank,2023-04-13,2023-05-18
81fd0ac7-a333-4250-947f-9f7715491047,87,544,2440.97,2022-07-20,ABSA,2023-04-17,2023-05-20
fd8de636-df36-4992-ad0c-1d0a6a3e47a8,12,904,2576.4,2022-10-06,ABSA,2023-04-29,2023-05-21
a8cd4a80-1874-452b-814a-8d8af7f011d9,8,255,4421.41,2022-12-24,National Bank,2023-05-01,2023-05-11
83b729ed-2ebb-4aba-a690-eb9899d36826,90,896,5426.38,2021-03-30,KCB,2023-04-11,2023-05-19
5a520c95-78ce-4d45-a5a6-26a7f3fcd7ad,38,735,7684.65,2021-02-22,ABSA,2023-04-24,2023-05-28
08dba0db-1691-4d0e-808a-7ea7b9250f3d,64,301,5581.47,2020-08-22,National Bank,2023-04-08,2023-05-10
9f247dbb-3028-4f72-8c92-4396cb35d9c6,17,609,8526.06,2021-07-11,KCB,2023-04-16,2023-05-10
3c4d4495-6d25-4fc3-8823-3bdfef506571,60,309,3936.94,2023-02-13,StanChart,2023-04-05,2023-05-30
458e09fa-9ec7-4e03-8d4f-869c89e307d6,87,487,7700.11,2021-09-12,National Bank,2023-04-06,2023-05-19
2e51fea0-4d89-4c85-993b-14d2e24c2569,28,128,1044.72,2022-09-09,ABSA,2023-04-16,2023-05-17
b47a855f-f031-45f8-b50e-d322d1fdd296,57,671,8706.33,2021-02-08,ABSA,2023-05-03,2023-05-26
62355a42-2c99-4e41-9d43-e2d4fccbe6cf,83,46,5238.88,2022-05-28,National Bank,2023-04-07,2023-05-16
0e9ef04e-8533-43ce-ab68-2d06f404bdac,39,543,6457.37,2022-12-23,KCB,2023-04-21,2023-05-13
12a5dccf-b1a2-47c6-bbff-a6ab7868b3bd,86,649,2463.16,2021-04-14,KCB,2023-04-15,2023-05-09
d47892f9-276e-4e56-ae44-2584d64d82ba,27,505,1757.56,2020-12-04,StanChart,2023-05-02,2023-06-02
3898205c-8e10-4b85-99e9-d863ef4dd090,96,600,4600.41,2021-09-18,ABSA,2023-05-02,2023-05-13
a99d0e98-1da0-41b3-a944-d14cde5e896d,34,16,5053.53,2021-11-14,National Bank,2023-04-22,2023-05-17
2e6e20ab-7e0e-4f99-8036-17bdbc6c9ed0,6,525,9466.93,2022-05-25,ABSA,2023-04-09,2023-06-02
bb75930a-0c13-456c-a665-2221b8c9d02a,15,97,9222.82,2022-05-21,National Bank,2023-05-01,2023-05-17
09fbf2da-6aa1-48b8-9712-6c66c50f1c1c,76,350,9119.73,2020-10-09,KCB,2023-04-20,2023-05-30
efbd5294-be1c-471a-b3ae-da98b62bc90a,57,546,5640.93,2022-10-14,National Bank,2023-05-04,2023-05-09
a41c3b5f-6e6e-4f5e-91c1-18309e4ff2a5,59,249,9100.56,2020-11-16,KCB,2023-04-25,2023-05-10
b2395998-f8a7-46bb-89ed-ea84ae0d9913,49,7,2272.87,2022-08-03,KCB,2023-04-08,2023-06-03
a2a0b30f-b8f9-482a-93b3-44969ebf6349,46,274,4991.63,2022-08-15,StanChart,2023-04-16,2023-05-10
efbbccfb-9b9b-42f1-b1b8-cb1e8f4a2678,61,845,4440.06,2021-05-29,StanChart,2023-05-01,2023-05-19
242a0928-2019-4dec-adf2-e3abb5e29fa1,81,743,4043.8,2020-09-17,StanChart,2023-04-13,2023-05-23
fb6575b1-37ce-43e3-8562-f2c762020323,81,32,2119.72,2020-11-04,StanChart,2023-04-06,2023-06-02
5306479b-6589-4194-9c1e-365f0f015d9a,32,521,8671.36,2022-11-21,National Bank,2023-04-29,2023-05-05
82a15053-9032-4767-8851-fbe8a28882b5,77,664,8673.14,2021-12-18,KCB,2023-04-26,2023-05-24
16d18b35-0baa-49df-9725-7a6c7e33f8d3,84,790,3588.08,2020-11-12,National Bank,2023-05-02,2023-05-10
cdf2f534-29f1-4cd3-81ae-58306b9058b9,24,673,2111.85,2022-09-01,KCB,2023-05-02,2023-05-31
562bad7e-f7b6-4b09-8617-e08c6defc90a,26,346,7009.9,2022-09-28,National Bank,2023-04-14,2023-05-23
7eb421d3-3d03-4587-aad4-656e5ae8ac0e,17,395,9866.67,2020-12-15,KCB,2023-04-26,2023-05-27
54e45660-28c6-431d-bbba-5fc77a342a40,65,954,1992.93,2021-12-21,National Bank,2023-04-30,2023-05-07
c2089f02-27b7-4603-a912-2d5891744505,37,383,5427.69,2021-08-30,StanChart,2023-04-29,2023-05-05
71e4e38a-14f6-4ad3-8ffa-ca911a4f2b0a,34,253,9119.17,2022-09-19,StanChart,2023-04-12,2023-05-19
2dc37cc8-11a3-4dcd-850c-0f227717a3d6,96,916,9917.45,2020-08-18,ABSA,2023-05-02,2023-05-29
3f1b96fb-4f38-43d9-a7d1-55caaab1de82,16,10,2859.78,2022-02-05,National Bank,2023-04-25,2023-06-01
08b94892-ab86-44b2-8d86-717a3da9c6b3,60,797,4124.29,2022-08-22,National Bank,2023-04-17,2023-05-15
c6d03ea4-2d56-4628-aaee-9aa510f2aab9,54,558,4245.03,2021-07-24,ABSA,2023-04-15,2023-06-03
d5cbd27e-c5cd-4aca-8840-f5bf15a26675,22,163,8340.11,2020-08-27,National Bank,2023-04-22,2023-05-25
e5ad0f90-d341-48ae-890c-c6462ae3fdfa,89,550,1543.14,2020-08-21,National Bank,2023-04-27,2023-05-12
705e3c0f-fcda-4e09-a935-634b79163145,4,157,6805.88,2022-03-31,National Bank,2023-04-22,2023-05-11
b75efd2c-515f-4191-ae7e-cdfdbded3e55,26,568,7510.25,2022-05-28,KCB,2023-04-19,2023-06-01
67689594-9163-49c2-933c-664cdadfd0bd,57,262,5458.46,2020-11-09,StanChart,2023-04-29,2023-05-31
5170dd75-8e99-498f-a812-4b79c27f7e08,18,471,3757.54,2022-07-05,ABSA,2023-04-11,2023-05-18
131eb14f-b9d4-425a-9d76-0fefecb66ad3,46,378,4630.84,2022-05-25,ABSA,2023-04-30,2023-05-12
621d30a3-9548-4960-8905-f9942bb98442,48,472,8169.89,2021-08-02,National Bank,2023-04-20,2023-05-29
9e9030e7-dafb-459a-ab6b-1befa88e3ece,33,730,3252.34,2020-10-05,National Bank,2023-04-17,2023-06-01
f2960ddb-ec06-465e-814f-420e1f7e21be,48,78,8084.96,2022-08-18,KCB,2023-04-06,2023-05-17
6ccff76f-3c4c-4ed6-aacf-51d9fa75f96e,90,724,3104.81,2022-08-13,StanChart,2023-04-09,2023-05-13
cd8de9d9-1cfd-47d8-bacc-cfa6f191ed20,32,235,3110.69,2022-02-06,National Bank,2023-04-09,2023-05-26
9862c4a9-88ec-46ee-99fd-0dad3f1b9aaa,56,342,8356.46,2022-07-16,KCB,2023-04-19,2023-05-10
8ff38b17-c04b-4a08-bc81-0b3429682668,34,573,9762.98,2022-03-12,KCB,2023-04-11,2023-06-02
4e715371-4ef9-4140-9dd2-51b20f0c40d3,43,403,8959.54,2021-01-20,KCB,2023-04-05,2023-06-03
9d32c591-e335-4bad-9dc3-6e479135f9ad,54,690,5855.71,2022-08-26,National Bank,2023-05-02,2023-05-17
1869f3fb-19fc-4f01-b138-daad1fc40458,63,296,4957.1,2021-04-25,National Bank,2023-04-23,2023-06-02
869cb074-a408-4108-9cc3-ce5523843ad8,73,903,3574.2,2023-02-26,KCB,2023-04-27,2023-05-08
0801a4e1-71d5-450c-a0ac-e5ab9b79ba87,33,746,4189.92,2023-01-01,KCB,2023-04-14,2023-05-22
4c8fcc0d-2891-4c6a-a13d-754d346c864a,7,99,8720.7,2020-12-25,ABSA,2023-05-04,2023-05-21
7b020ab3-ca64-461c-859a-deba701240a0,90,176,5718.75,2022-09-10,KCB,2023-04-19,2023-05-19
4ba967a2-7ab8-4ed0-b19b-ed08abf00623,38,468,5976.35,2021-01-14,KCB,2023-04-11,2023-06-02
41c4478b-04b9-476b-ba55-e6cb86aeb993,32,192,6639.67,2022-08-09,ABSA,2023-04-20,2023-05-30
121654a9-9b9f-4c52-8c08-c815be140dd7,17,798,3001.2,2023-01-18,KCB,2023-04-25,2023-05-23
57c7444e-a15f-4f18-b80e-1cb667d101e8,29,971,7049.27,2021-09-23,StanChart,2023-04-08,2023-05-27
969b1504-c68a-4679-8478-194fc3dd3b4c,90,893,6906.72,2021-04-12,StanChart,2023-04-16,2023-05-05
9c8080c2-be72-44e4-b787-8cc1119c78bf,96,790,2150.64,2020-12-13,National Bank,2023-04-21,2023-05-30
5443d3b9-db18-425d-b187-f5ce7dc8bbf0,88,906,2270.81,2021-05-04,StanChart,2023-04-18,2023-05-22
638e714b-7b90-4679-84ba-48db22fc50ef,19,299,1096.92,2022-10-16,ABSA,2023-04-21,2023-05-06
5b1d5cc2-ac49-4313-a88a-1488a66e3d20,87,410,1380.04,2022-07-11,StanChart,2023-04-30,2023-05-10
565a14ca-5499-4912-9c4e-0f2ac5354a2c,87,218,2777.4,2022-08-10,ABSA,2023-04-30,2023-05-30
625f192c-f283-40b8-88aa-f6c9958f4404,62,296,6454.78,2021-12-16,ABSA,2023-04-18,2023-05-05
380e55ff-93b2-4999-a672-d1d0d2f0a6a7,39,507,9668.15,2020-08-30,StanChart,2023-05-01,2023-05-16
a2acdfd7-6207-430b-b8f3-9e07683a4c65,12,63,5550.11,2023-02-24,ABSA,2023-04-09,2023-05-29
6718930b-1a85-4fdf-ba6c-aac8b024b9a6,33,486,7156.35,2022-12-30,National Bank,2023-04-23,2023-05-11
b3a6e647-4e31-49df-b5a2-44a3bc46f103,48,456,5336.88,2020-10-23,ABSA,2023-05-01,2023-05-18
90ff43ec-a42e-44a5-88d5-daed1bd8a1ce,47,231,3244.31,2023-04-18,ABSA,2023-04-14,2023-05-18
98558006-6ee8-4807-ae61-82631b20ec44,24,520,9274.21,2020-11-13,National Bank,2023-04-10,2023-05-20
9aa50f66-a813-416f-b2e3-f55847f5826f,89,426,8553.68,2021-04-07,National Bank,2023-04-21,2023-05-13
218176c6-b3be-4bff-add2-966a5c6cb1e2,38,654,2112.5,2021-09-12,National Bank,2023-04-08,2023-06-01
7fec5e27-9e2c-4fe0-bf0c-0a59109e9175,26,61,2159.23,2020-09-15,ABSA,2023-04-05,2023-05-11
bde3865e-50ac-4863-bc7a-ee161364c0ee,17,821,2667.4,2022-09-16,StanChart,2023-04-22,2023-05-05
9befc884-30ed-4213-96a3-fbbf83ce9939,23,919,9338.04,2021-03-23,ABSA,2023-05-02,2023-05-14
c190e028-8c8d-4348-a1ff-680e1f998c6a,50,686,6871.93,2022-07-02,National Bank,2023-05-04,2023-05-23
20672ba4-d4ba-4c4c-9fa4-3912dce56808,55,941,3158.43,2022-08-02,StanChart,2023-05-02,2023-05-10
95f16da9-22d8-4ff1-9d4c-d48111bf964d,14,577,3063.94,2023-02-08,National Bank,2023-04-05,2023-05-10
a3631287-9137-4afb-89a3-344bb15283f6,9,35,8105.54,2021-07-04,StanChart,2023-04-06,2023-05-11
2b8f1448-4b35-4054-a237-011ea58f010d,14,518,7253.44,2022-06-13,ABSA,2023-04-11,2023-05-30
55a825a8-f335-4317-b7e0-04b62324c5d6,40,378,7307.18,2022-02-13,ABSA,2023-04-10,2023-05-15
9d6964f2-9860-4221-a538-ad3000d7fa19,1,942,2774.28,2021-04-14,StanChart,2023-04-27,2023-05-06
f1bbdfca-07dd-4d55-97ce-a7cb7e7b4118,29,690,1462.57,2021-11-27,ABSA,2023-04-13,2023-05-30
2c336e06-0e2b-4898-9576-19b3130a313a,96,240,1971.48,2021-09-29,National Bank,2023-04-23,2023-05-11
88c1c9c5-52a1-4ca5-9208-a9e50a96acce,33,357,8627.63,2023-04-17,National Bank,2023-04-15,2023-05-29
f159124d-7db5-4c25-b0fd-30ca479dfd1f,84,501,3241.74,2023-04-22,KCB,2023-05-03,2023-05-28
b97357e4-1619-4c76-853e-e668cdfc8de7,23,19,3666.76,2023-01-10,StanChart,2023-04-18,2023-05-09
7d8df9dc-ed92-4176-a579-01d5049d2d50,97,607,6179.79,2022-03-04,National Bank,2023-04-06,2023-05-29
e01fef14-5c89-4624-a935-52f71b08ce47,87,668,6187.51,2020-09-06,ABSA,2023-04-07,2023-05-19
83f86835-0d9e-435d-8d42-f33695c8a2b2,66,123,8027.43,2021-08-27,ABSA,2023-04-23,2023-05-19
51c8623f-2987-4fc5-896a-3685a36eded5,24,242,6180.51,2023-01-22,ABSA,2023-04-30,2023-05-08
fb14c049-58d3-4eec-84a9-c8db6e600df1,71,644,1262.47,2020-11-27,National Bank,2023-04-09,2023-05-06
086eff21-7628-4b79-861a-e5007a14fe1d,82,597,7536.73,2021-03-29,National Bank,2023-04-20,2023-05-16
91ebeb01-3db2-43d4-b559-c5def4faa871,10,140,1217.52,2023-04-21,StanChart,2023-04-26,2023-05-08
9a583491-b2af-4b67-bdbd-afcd8ec149c7,61,148,1310.71,2022-09-21,KCB,2023-04-05,2023-05-07
7e7dc2d1-ddde-410a-9032-a7cb8ede19e1,50,420,2292.11,2021-01-08,StanChart,2023-04-24,2023-05-20
401f1d26-05f2-48ce-9da5-96174d223ca1,74,71,2970.41,2021-11-01,ABSA,2023-04-15,2023-05-19
79863b01-0b55-40d7-9fee-a416e3ba929b,42,849,7531.86,2020-10-30,National Bank,2023-04-19,2023-05-19
d159c2b4-bff5-4bd7-8663-0e00804e971e,49,59,5374.92,2021-01-06,KCB,2023-04-13,2023-05-27
694d979b-df38-405a-a980-fbd675fbe4c2,51,453,5475.64,2022-10-04,KCB,2023-04-10,2023-05-15
10616e0e-507e-42a9-be20-e92db4be95d4,42,798,2538.35,2022-05-22,KCB,2023-05-02,2023-05-16
14af1bd6-305a-4528-807d-dbd8d82e3679,70,208,4745.76,2021-12-10,ABSA,2023-04-08,2023-05-25
074909f5-cd63-4150-a615-10591e907ed6,2,128,6457.18,2022-09-02,KCB,2023-04-18,2023-05-27
f01a5d25-5dae-44fd-b61e-68f62ea891ed,1,77,5861.89,2022-06-29,ABSA,2023-04-08,2023-06-01
7df96281-5db6-4929-acc6-cf879fc63657,59,343,9546.32,2021-02-11,National Bank,2023-04-18,2023-05-30
967048cb-f81f-4f11-ac5b-fe6bf537496d,30,880,8167.99,2022-08-29,ABSA,2023-04-25,2023-05-17
ad26777b-ba86-49f2-a97c-06d300015a61,22,328,3461.78,2020-08-31,ABSA,2023-04-25,2023-06-02
dbabe6f5-956b-4703-88e6-bd9e5fdeeb1f,76,395,7685.06,2020-10-04,StanChart,2023-04-19,2023-05-13
8116c1ab-b3c9-4210-a076-9f005ec1c50e,38,165,2870.0,2021-06-06,National Bank,2023-05-04,2023-05-31
fd46314a-1da5-42b4-807f-a29a460a1c1b,46,504,4798.89,2022-08-07,KCB,2023-04-30,2023-05-22
ca489a8e-9c7c-48ff-ab87-b407671fab6d,62,408,2650.64,2020-10-15,KCB,2023-05-04,2023-05-17
ee8f1e39-d669-43af-b2b0-38f7e424afba,51,144,4893.09,2020-11-09,ABSA,2023-04-20,2023-05-06
434048f8-8c9f-4a3b-925c-98e34b61b785,94,366,5369.34,2022-01-25,National Bank,2023-04-11,2023-05-10
b10bd6bc-0e33-4360-8763-ee614b383bf2,45,805,1572.2,2023-04-14,ABSA,2023-04-15,2023-06-02
e3e8b188-4086-4cff-846d-ae557611c0a4,41,3,1827.74,2023-01-16,KCB,2023-04-17,2023-05-20
7cd6d20f-74ef-4224-832f-7ca5bc366793,58,180,2539.63,2022-11-16,StanChart,2023-04-21,2023-05-10
b3e0fcf8-8860-4400-a29f-03caf792af21,11,431,2341.6,2020-08-13,StanChart,2023-04-19,2023-05-18
59e5bf83-3f95-4148-b6cb-0694c51b4054,79,795,3786.13,2020-12-25,KCB,2023-04-17,2023-05-24
44af5c9a-c02d-4321-b78e-d8bd49903fc9,10,430,8769.97,2022-01-09,KCB,2023-04-27,2023-05-12
313e18c2-dd22-4dc8-b69b-f8a531477da4,56,275,9536.92,2021-06-14,StanChart,2023-04-09,2023-05-05
7bbad669-21da-4c06-94a8-bcc294f4c21d,24,674,8046.95,2023-01-07,KCB,2023-04-12,2023-06-03
707c811e-3362-4bc3-8f13-feb6889ed224,27,744,5032.64,2023-03-28,KCB,2023-04-12,2023-05-26
d8da52b2-4ab3-4195-a9c7-76eec78b914e,83,406,8777.82,2020-11-17,National Bank,2023-04-06,2023-05-25
13840281-0b05-4c62-bfab-30766a88f6a4,58,520,6262.53,2022-09-12,National Bank,2023-05-04,2023-05-27
3d12254f-5186-4357-b1ea-1aa3e8f5c37d,52,712,1186.07,2020-10-29,ABSA,2023-04-09,2023-05-07
1a1f9895-f4c3-45f4-a817-bf38aa8399b5,93,558,3532.31,2022-02-07,StanChart,2023-04-08,2023-05-06
f0ad2215-5e00-41a2-9837-b56f14e992ab,43,52,2811.29,2020-11-30,KCB,2023-04-16,2023-05-25
fc836aa2-ce32-4d03-b756-0e6eaccef509,92,611,6254.09,2021-11-07,ABSA,2023-05-02,2023-05-21
36b4dcf0-be52-4c80-9bf4-3ff974575623,15,618,1085.49,2022-11-30,ABSA,2023-04-17,2023-05-10
81faab14-4a3f-45ef-b1c3-d49e4732bfc5,90,253,1076.76,2022-06-26,ABSA,2023-04-08,2023-05-07
d3295519-fb0f-4d34-a8a5-7a62bad010c0,26,506,4289.46,2021-09-10,ABSA,2023-05-04,2023-05-16
6990b87a-ce57-47ee-a8af-ff23ddaae960,38,754,5245.75,2022-04-14,StanChart,2023-05-01,2023-05-18
6a2eaad8-f59f-46fe-b6bb-b34989ac8b11,6,59,8126.63,2023-01-05,StanChart,2023-04-14,2023-05-29
7842b7b7-0442-49b2-81a8-4750ff7adaae,86,496,1206.17,2021-09-02,ABSA,2023-04-30,2023-05-11
71fa4f6a-685d-43c7-8fb8-82bd536a7c54,31,172,1501.98,2021-06-27,KCB,2023-04-22,2023-05-20
c28b2e16-7ed0-46ec-ba12-958c5263d017,28,297,5044.28,2021-03-05,StanChart,2023-04-08,2023-05-13
74ea50f9-d3b9-4c0c-bc19-ad61e39edb9d,51,653,9498.61,2023-04-30,StanChart,2023-04-14,2023-05-13
900cb91c-4c3e-42b5-951c-e055a5c13270,82,184,7838.29,2022-05-06,National Bank,2023-04-11,2023-05-29
cc3aa329-ceb3-433f-a6b9-f37fa20b1aef,77,864,7306.22,2021-05-13,ABSA,2023-04-30,2023-05-15
15a18b42-0aed-4811-a57f-67189cecdf9b,73,589,9109.06,2022-06-13,National Bank,2023-04-07,2023-05-29
525cf2cb-f9b2-490d-8927-521915b5ff0b,41,908,1859.95,2023-04-30,National Bank,2023-04-25,2023-05-16
9b42f810-0d8f-47fb-b7e5-12c9304bc1c0,82,270,7372.78,2022-01-23,KCB,2023-04-12,2023-06-03
5ded94b1-ac9e-4f06-abe2-a4647c4f93b4,48,929,3769.46,2021-03-27,ABSA,2023-04-06,2023-05-26
6c65b16f-da0a-4a63-a8d5-97d76e58bc78,79,146,2274.99,2021-04-23,ABSA,2023-04-21,2023-06-02
ba0b550e-44b9-4681-95de-0e5296316765,48,125,1487.21,2021-04-21,StanChart,2023-04-25,2023-06-02
5fa623a8-6043-4a89-aa0a-0b82d6966cc3,17,637,9430.96,2023-03-07,KCB,2023-04-14,2023-05-10
d26bb076-80da-4a2f-9b4a-bf2aad85c910,52,972,1258.04,2023-03-16,ABSA,2023-04-10,2023-05-14
4117d81b-0ed3-45b5-992d-46cdd89ff5f2,92,823,6921.63,2022-02-07,KCB,2023-04-21,2023-05-16
563b0ebf-47b2-4dc7-ac9b-b8839c0f776e,13,546,1697.92,2021-08-05,National Bank,2023-04-19,2023-05-23
0808e4a4-e07f-4b22-86d7-29d059401404,50,725,4811.26,2023-04-19,ABSA,2023-04-11,2023-05-10
2db804b7-f2b2-4d4c-a276-fd7a8ddf3335,51,105,1792.22,2022-03-24,KCB,2023-04-07,2023-05-29
43f96e2c-4a69-486e-be64-2a3fa03bbdd8,3,821,4280.66,2023-01-03,KCB,2023-05-03,2023-05-25
0937966f-3d3a-4222-b0d1-297f17c37563,89,437,8201.04,2021-11-12,ABSA,2023-04-11,2023-05-18
6bb40b98-d60a-49d1-9eaa-f029ec923d08,82,109,5100.67,2022-07-15,KCB,2023-04-25,2023-05-07
7d5c441d-b3c7-481d-8740-3b00ad42c030,2,991,4227.33,2020-12-23,ABSA,2023-04-30,2023-05-12
268908a3-3b2d-4d23-95d1-642487da2a96,71,886,9476.56,2022-10-05,StanChart,2023-04-12,2023-05-10
67364530-2fb1-4621-b16b-e2a8ea237790,51,883,5255.21,2021-10-31,National Bank,2023-04-30,2023-05-21
2c82594d-7bda-4e8f-9e38-e94760e79122,53,414,9970.82,2022-02-01,KCB,2023-04-06,2023-06-01
d4a1bfe4-dac7-453a-a113-167a38b1cb72,87,380,7640.07,2021-10-29,National Bank,2023-05-04,2023-05-14
5665e4c8-1d1c-454d-8092-5762eb0b10c5,56,877,6641.82,2021-02-26,StanChart,2023-04-20,2023-05-10
d16ce416-a598-4136-b895-0431178056e9,12,38,2215.06,2021-11-11,KCB,2023-04-20,2023-05-14
f7c54443-aceb-4454-99b0-e0612742ebe3,13,34,6044.6,2022-07-06,National Bank,2023-04-12,2023-05-26
31117305-96b1-4879-b907-eb13be4d4d0d,4,626,8051.97,2022-08-10,StanChart,2023-04-26,2023-05-29
f3dcf502-dd54-4e9b-ace9-04e0793bfbe3,51,828,2216.86,2020-10-29,KCB,2023-04-22,2023-05-31
ae77320b-5acc-40ec-9656-bc61ae677d6f,31,99,2073.38,2022-02-16,ABSA,2023-04-30,2023-05-20
2c1e9980-979d-4863-a158-e3c87b2daccb,9,158,9337.4,2021-01-05,ABSA,2023-05-03,2023-05-29
32e835f0-ccf3-4e9b-a501-eff47597608c,35,112,7139.83,2023-04-20,National Bank,2023-04-24,2023-05-07
e09a8ff3-b445-417a-8838-d7ea31551a04,3,9,5164.47,2022-08-04,StanChart,2023-04-14,2023-05-26
bb9b6369-ad9c-4675-8a4f-c0b4174cba70,10,174,9542.52,2020-11-16,StanChart,2023-04-10,2023-05-06
703aa4ac-364a-49ea-81b1-f5defa8b6cd7,73,702,6815.01,2020-11-23,KCB,2023-04-17,2023-05-06
ebe58e5b-7b2d-4e33-a7c0-a4a99d9abb10,9,591,6848.0,2021-11-05,National Bank,2023-04-22,2023-05-19
3c0c2ae1-4f00-4480-89d1-ca6f5d33e09a,4,17,2228.2,2020-10-22,StanChart,2023-04-25,2023-05-24
ed4d996c-91f8-446a-8e0d-dbd38a9ae368,27,154,7752.2,2022-04-23,ABSA,2023-05-02,2023-05-17
e4da06fc-4645-4219-823f-ce69e9d8688b,49,149,1738.97,2021-11-17,KCB,2023-04-08,2023-05-27
b7888792-b0cd-43be-afec-170b9d637023,14,536,8836.47,2020-08-10,ABSA,2023-04-11,2023-05-14
935f3948-42a6-4bc3-899d-699ab453a513,70,330,7233.2,2022-05-06,StanChart,2023-04-18,2023-05-31
04ac574e-fa92-47b0-a4fb-0cc9d011ba93,70,690,3158.1,2021-10-19,StanChart,2023-04-21,2023-05-06
6adeaa8a-9fa1-4b70-9b3f-b560bd7b487b,28,146,3598.86,2021-08-26,KCB,2023-05-01,2023-06-02
811a6c1a-f488-4b92-8d29-5fb41a5d0747,62,412,2736.29,2021-11-08,KCB,2023-04-10,2023-05-30
00e58a1c-04b6-4c1d-a1f8-886ff8693a0b,24,257,3828.97,2022-06-07,StanChart,2023-04-14,2023-05-11
04b5ffda-886a-4c21-aea0-891b499fed7e,20,869,1057.89,2023-02-25,KCB,2023-04-08,2023-05-27
8f6b6e85-2794-4302-be38-8706b2a69ea6,38,106,8128.86,2020-11-22,StanChart,2023-04-15,2023-05-28
9a8eece7-7ec9-47f2-a8d2-b027f19f9ea7,46,117,4278.74,2023-05-02,KCB,2023-04-27,2023-05-07
0526b4c0-a9dd-43e7-97b5-d32e94331518,76,360,6523.18,2021-04-01,KCB,2023-04-25,2023-05-05
b59a268b-771b-44fa-8ebf-c2c70dd7fa53,92,946,1814.64,2020-08-21,KCB,2023-04-17,2023-05-10
47ede147-fba8-4868-88f0-594ad8bbdb17,92,878,7238.51,2022-12-21,KCB,2023-04-18,2023-05-21
21bbd622-7c9c-4e7f-a6c8-d103d63c8c5f,35,217,9251.85,2022-08-16,KCB,2023-04-23,2023-05-08
c8b3ba3e-80c1-4c8d-ba9c-249b696bfc4d,85,53,3562.53,2021-09-27,StanChart,2023-04-13,2023-05-19
5da7e2f3-e902-4f57-bced-7b247cd5e586,33,241,7487.85,2020-12-23,National Bank,2023-04-30,2023-05-13
ac385f50-d436-4633-921a-ce34c7bec669,11,195,9425.36,2022-06-16,ABSA,2023-04-12,2023-05-14
3a907dc2-5ebf-49bf-bff0-66545ea76816,42,76,3449.38,2022-08-30,KCB,2023-04-21,2023-05-18
fd38a230-cb6a-42e1-9ae2-9e95acbd506f,16,734,2058.24,2021-11-04,StanChart,2023-04-10,2023-06-03
4b2b0ef5-a427-46de-bc6c-d9651f6b9292,73,604,2224.14,2020-08-13,ABSA,2023-04-16,2023-05-12
9348ad79-2f4e-435b-b73d-ca202966276f,29,206,8198.96,2022-04-27,KCB,2023-04-19,2023-06-03
07b727cc-efae-4050-933d-034bde307820,72,455,9954.93,2021-12-10,StanChart,2023-04-23,2023-05-16
0c8550b8-7110-49ca-ac9d-21e3bfa8f534,42,937,1392.45,2023-04-06,StanChart,2023-05-02,2023-05-11
0bb4f46f-9296-4492-99eb-0a284c805ba2,71,865,2049.97,2023-02-28,StanChart,2023-04-11,2023-05-31
583d56cb-fc10-4205-8a8d-d97b85ca4ab8,41,266,9870.21,2022-09-03,ABSA,2023-04-25,2023-05-06
5942ddaa-e8e2-4288-b66d-01bd607f9777,54,244,8832.42,2021-10-30,KCB,2023-04-13,2023-06-01
6e5d2ba2-4b6d-4215-a3b3-e76634aa740e,9,758,4143.72,2021-04-11,ABSA,2023-04-26,2023-05-15
71cad026-2b3a-416a-8f46-14d83459dc5e,55,677,2079.5,2021-01-11,StanChart,2023-04-16,2023-05-22
a64bc25a-5a28-4d3c-9299-313e6281a1bb,78,851,2762.25,2021-12-23,StanChart,2023-04-20,2023-05-31
cab95743-23d0-4b5d-88b4-6a93a07984a7,18,429,8857.16,2022-12-16,StanChart,2023-05-02,2023-05-29
daf0c409-2064-453c-ba6e-2dc7be4f69b9,5,122,4591.36,2022-12-24,ABSA,2023-04-11,2023-05-20
13bbef29-61fa-4f7b-aa23-ca1c2ef3c415,84,447,9546.19,2022-07-13,KCB,2023-04-07,2023-05-27
1adb8cbb-e5d5-4e73-8e3b-257fefdfafb1,3,448,4487.61,2021-05-07,StanChart,2023-04-24,2023-05-24
bb3bc1d5-a125-4565-b462-dc9c53f999c6,30,426,2780.9,2020-11-23,ABSA,2023-05-01,2023-05-21
db1074a8-5c63-4ffe-a440-eb63828f3067,97,663,3982.42,2022-05-18,StanChart,2023-04-27,2023-05-24
a14ff00d-fb76-49ee-84f1-c137caaeb4f6,25,383,1533.98,2022-09-24,ABSA,2023-04-23,2023-06-01
c867c3e0-aa3f-441c-a688-8a91f39692f6,3,217,3633.74,2021-10-15,KCB,2023-04-09,2023-05-10
01a65312-f1d7-4d43-926f-8324ff7dc6f0,41,414,9023.42,2021-10-11,StanChart,2023-04-09,2023-05-25
aba46691-2ed4-47ea-9531-9891761838a0,69,280,1401.28,2022-09-03,ABSA,2023-04-11,2023-05-18
a6fc93e0-fadd-4ec5-84ad-ead265d1fe14,32,46,3730.65,2022-03-13,StanChart,2023-04-11,2023-05-24
891481d0-97f8-49fb-800c-8a9bb8aa06a1,28,943,3716.4,2023-01-16,National Bank,2023-04-12,2023-05-23
ced67be0-872f-4bb7-8683-434d71560e39,92,403,8579.16,2022-11-12,National Bank,2023-04-10,2023-05-05
29f918bb-bd05-454a-8802-90194fed7a8e,70,313,2824.87,2020-11-22,ABSA,2023-04-28,2023-05-30
0af785a7-5668-44db-a614-4d30e64e03b0,22,705,3570.72,2021-01-14,KCB,2023-05-03,2023-05-21
87dd12df-5a0a-4d9c-a1a9-2e4a5bd10ea7,89,566,4081.65,2023-04-22,StanChart,2023-04-13,2023-05-21
d5a8847f-ab50-4752-b689-31075b7dd42f,22,879,4044.66,2021-07-15,KCB,2023-04-10,2023-05-24
15e16ef0-6714-48bb-90db-691511635d59,72,565,9776.47,2022-06-21,StanChart,2023-05-01,2023-05-11
2f9de63e-1005-4d7d-bd89-423d7f989683,73,283,2869.31,2021-09-08,KCB,2023-04-21,2023-06-03
a9d7d932-1199-442a-aecf-4ee4cd19687f,8,506,2132.29,2021-12-13,StanChart,2023-04-21,2023-05-08
42d0241b-198d-4e55-8339-b1b52c2a2c66,50,807,4882.88,2022-02-14,ABSA,2023-04-27,2023-05-11
62d09b5e-ba6d-48de-85d3-7f44d3e20903,79,438,5788.54,2022-04-11,StanChart,2023-04-13,2023-05-30
ca012b60-cf14-4f33-9b53-59e07e06ebe3,43,107,4415.27,2022-03-25,National Bank,2023-04-10,2023-05-16
9c60a110-9806-49fb-af3c-4d6457c240dc,95,586,3153.96,2021-01-12,National Bank,2023-04-24,2023-05-21
9163acf6-b7dd-4792-a013-65f529dfe2bd,86,581,9275.79,2020-12-13,KCB,2023-04-07,2023-05-31
13a0f01a-c93b-4da9-8b6d-8c4fda7e1b2c,58,705,9023.86,2022-04-08,KCB,2023-04-09,2023-05-20
2988f53d-925d-4708-aceb-67aee5af1002,69,222,4314.79,2022-12-30,KCB,2023-05-03,2023-05-16
e935b1b0-e09c-4ef1-9909-9a9d2de4db9b,28,559,4029.23,2021-12-14,StanChart,2023-04-22,2023-06-03
babe3b32-229f-4b4f-a5b5-a6e7ab54a0bc,44,194,9196.01,2023-04-29,National Bank,2023-04-13,2023-05-21
f052f920-c735-415a-85b2-78dcb731f7ff,26,471,5622.19,2022-02-14,ABSA,2023-04-16,2023-05-23
9496903f-4ea1-4e36-a11c-b688a0344bbb,70,347,5307.29,2022-06-21,KCB,2023-04-30,2023-05-22
c1e11cc0-f808-49ae-82e5-cc9d289aaf36,78,535,4224.54,2022-10-08,National Bank,2023-04-11,2023-05-31
dfd0d917-67b0-4869-8d75-d57da10e8221,23,966,2026.98,2021-10-06,ABSA,2023-04-24,2023-05-22
da8b9e66-716a-469a-a4f3-52ee7d439e2f,39,291,5424.38,2021-11-13,StanChart,2023-04-18,2023-05-31
9c904704-2e57-4325-9ada-5ce2d73fcb63,44,92,1699.47,2022-06-04,KCB,2023-04-23,2023-05-10
6fd1197c-5b8f-4388-8224-4ae01bb02521,100,224,5980.02,2022-09-02,National Bank,2023-04-08,2023-05-11
fcf92a9f-2292-47a1-b2e3-a922d27ffff3,68,307,3699.05,2022-12-08,ABSA,2023-04-13,2023-05-15
1c53e3c8-3fae-4c66-9cee-dc5bb3c5ecad,50,6,5443.28,2021-11-17,National Bank,2023-04-17,2023-05-18
629cb060-f1d5-489f-a6fa-e5a94bc4bba3,55,801,6240.61,2021-04-11,KCB,2023-04-24,2023-05-25
53ee10ba-69fe-423b-b52a-88ce34d97e95,33,951,4101.68,2021-08-01,KCB,2023-04-22,2023-05-23
3094ef17-e170-4bfd-8ebb-0da965b45f67,94,57,5642.54,2021-11-27,National Bank,2023-04-26,2023-05-25
f94514cb-66fa-4b7b-8bd2-8ced612157fb,47,396,3421.14,2022-04-04,KCB,2023-04-14,2023-05-31
c7acdc86-6448-4a8c-9fb9-8a503d86ac62,2,694,3406.03,2022-08-21,ABSA,2023-04-11,2023-05-11
e47c6aa2-1f7b-487c-851a-6c2f8b2fa9f0,29,161,8549.79,2022-07-16,ABSA,2023-04-21,2023-05-18
2a5750ce-2158-4460-8224-30f41e8d6dff,97,315,7042.2,2021-03-09,ABSA,2023-04-25,2023-05-31
506307fe-bafa-4e56-9387-ccd5cf3d86b2,86,486,3326.8,2022-05-17,ABSA,2023-04-17,2023-05-20
8cf92b05-142a-456f-b0c7-3c6e8788afab,77,981,8423.59,2021-03-18,KCB,2023-04-07,2023-05-27
7d74533b-76ed-4490-8fcc-0f5457562e14,48,71,9336.2,2021-03-14,StanChart,2023-04-30,2023-05-28
129a946c-5d4f-4871-bb70-4b332b718ede,63,552,3151.5,2021-08-28,ABSA,2023-04-13,2023-05-16
e10df868-343e-471e-86da-ece982108fbc,51,739,3077.88,2022-08-02,ABSA,2023-04-26,2023-05-24
7cf164d0-54f3-47c7-8c7a-5fa00b80dc2d,75,890,4016.54,2021-07-06,ABSA,2023-05-04,2023-05-31
0b399378-442d-4fcf-9f7c-aee13d232d1f,33,922,7094.78,2022-06-07,ABSA,2023-04-28,2023-05-05
151361ca-081e-4cb3-ae8f-9648ae4393ba,22,475,9210.79,2023-01-06,National Bank,2023-04-06,2023-05-30
8ebace6d-50f9-4c50-9e68-d1797e3b2c51,27,926,8956.53,2022-12-19,StanChart,2023-04-21,2023-05-17
da79672c-3c58-4649-bb7a-e598da893f25,79,990,3477.61,2021-02-25,National Bank,2023-04-16,2023-05-05
36d43f33-9a9e-402b-b6a7-2562cc8571ab,64,242,4791.13,2022-12-03,National Bank,2023-04-22,2023-05-24
d7fa922e-b1cc-4c9d-a25d-ea84d4c2c895,51,797,4510.93,2022-07-20,StanChart,2023-04-18,2023-05-29
28ac58de-047b-49d4-9e68-9e775d6dda66,88,555,7354.84,2021-04-16,ABSA,2023-04-20,2023-05-11
638c0e04-d375-4309-808c-6b5a64839c56,47,514,3674.2,2022-06-15,StanChart,2023-05-03,2023-05-31
45044324-493d-4000-84ff-dd42f3573d8b,20,527,7924.43,2022-04-11,ABSA,2023-04-24,2023-05-30
4f647f8d-0e53-46c5-aa3b-3d80c939a5f4,28,11,8541.26,2021-12-10,National Bank,2023-04-21,2023-05-29
963ab43e-3b63-4204-b33c-975967531c5d,2,647,8987.56,2021-04-02,KCB,2023-04-13,2023-05-19
6dc0863e-f752-4859-9f19-670c9934d549,61,955,9768.07,2022-12-03,StanChart,2023-04-23,2023-06-01
41ff1fcc-ff22-4d59-884a-85aed095727f,26,24,3982.99,2021-03-08,KCB,2023-04-17,2023-05-10
4a8d13fa-416a-41fb-89f2-9f1f93a06573,57,618,3382.71,2023-01-20,ABSA,2023-04-05,2023-05-10
5ff6c2a5-23d9-4318-a330-db8e405215cd,64,523,3891.03,2023-01-06,StanChart,2023-04-12,2023-05-30
2969b19b-325f-4cb2-8f98-78b32f78a5f2,82,459,2555.35,2021-04-21,StanChart,2023-04-26,2023-05-16
c4130271-4ab6-40c0-a010-d2b799eefaa0,13,564,8799.69,2022-11-18,KCB,2023-04-23,2023-05-10
d9df3437-55d3-4cb5-9eba-53368443f837,75,206,4125.8,2022-09-10,KCB,2023-04-05,2023-05-12
e02f2b9d-b28f-4229-a80b-3b324bfe3ff3,33,862,8115.54,2022-04-17,StanChart,2023-04-13,2023-05-27
49fd055a-2b0b-4fca-98a9-97953d1b7bbe,85,346,7293.11,2022-04-19,StanChart,2023-04-13,2023-05-14
e79d796f-c645-43a6-b38a-0951491f5f1d,88,859,1268.39,2021-02-05,ABSA,2023-04-25,2023-05-17
c678ca54-5a6d-4069-bf4d-c2eca6adb8a7,76,619,4053.43,2021-11-24,National Bank,2023-04-25,2023-05-06
ab983371-c6cf-46d7-9f2b-38fa0ae434bd,26,401,5423.6,2022-11-01,KCB,2023-04-23,2023-05-09
69233a2d-249c-4d0b-96c2-724d386cdc83,97,778,7649.69,2022-11-09,ABSA,2023-04-17,2023-05-12
e76fa5e3-cf06-4540-ba0d-44aabd3fdd6b,81,959,2059.59,2023-02-08,KCB,2023-04-25,2023-05-15
1d0d668a-adf6-405d-b829-a39c0a3803a1,46,150,5913.66,2021-07-03,National Bank,2023-04-08,2023-06-03
a1a76e79-ce5f-40a2-8f08-5934c3a6c824,10,1000,5315.03,2020-10-07,StanChart,2023-04-08,2023-05-14
8bb9e0f7-6c97-4a9a-8fd3-422031590b60,73,514,4263.55,2022-09-08,StanChart,2023-04-14,2023-05-15
9139c59b-0e8f-4d43-b317-c4ad321cf9f3,89,428,7627.25,2021-12-08,National Bank,2023-04-11,2023-06-02
a29162b6-2096-4711-8f43-2703729c289c,23,84,7845.4,2022-12-23,National Bank,2023-04-17,2023-05-29
fbaa226b-358d-49b4-bfae-55f70f6cfc2c,72,160,5408.8,2022-07-01,StanChart,2023-04-27,2023-05-20
2b2775c0-cb34-415e-9ab0-9d5cd678e765,35,481,5681.05,2022-01-22,ABSA,2023-04-06,2023-06-02
19b86846-55b2-480a-ac74-01c434f572ab,9,234,6123.07,2021-07-29,KCB,2023-04-30,2023-05-20
66aa63b4-6aec-462d-9180-4a2afc083e2d,57,237,3447.24,2021-06-04,ABSA,2023-04-27,2023-05-17
56aeb502-cf7b-45ed-9239-d97fdc15e491,62,691,7900.17,2022-02-23,StanChart,2023-04-08,2023-05-15
fcb456b4-fae0-4011-888d-390c47c0feec,3,531,7373.83,2022-01-09,ABSA,2023-04-30,2023-05-19
70bb0e17-a3c9-45f3-9a4c-a5a82064579e,17,457,2854.26,2023-03-16,KCB,2023-04-15,2023-06-01
ec780979-b6bd-4849-a726-f73bf5c857c3,87,911,8314.14,2022-01-22,ABSA,2023-05-04,2023-05-25
e622b4dd-7950-4794-90fa-816e3ad371f7,44,771,6956.18,2021-10-14,ABSA,2023-04-22,2023-05-24
8a0a6db5-90c8-46f0-a833-30604e54b15a,32,739,2985.69,2021-01-04,KCB,2023-04-16,2023-05-23
836100e1-5141-4d37-94a7-03b004921845,62,949,1686.96,2020-08-11,KCB,2023-04-22,2023-05-31
96306de1-131b-44f3-8e8f-07da8ee4fed0,70,541,9850.26,2022-01-17,ABSA,2023-05-03,2023-05-13
fd82c684-6d63-4337-a4c8-a9417cdcf3e7,88,883,9774.55,2021-04-09,ABSA,2023-04-19,2023-06-03
082652ba-4ead-4296-92ef-d8703d3d0e36,33,337,1161.33,2021-07-09,ABSA,2023-04-13,2023-05-21
cea8ae7d-98d7-4daa-95c2-e54e43f24ac5,13,566,8561.26,2022-07-28,StanChart,2023-04-23,2023-05-24
ce68827c-792f-43d7-833e-b1dcef7bb2ba,30,7,3218.31,2022-11-21,ABSA,2023-04-06,2023-05-12
4af6444f-3c5a-4ad5-a1b4-9726e4f8c07f,27,736,5471.46,2022-06-20,ABSA,2023-04-08,2023-05-12
eb73b6a5-28ca-4773-80ce-3d23748049d6,22,399,5311.4,2022-03-24,National Bank,2023-04-15,2023-05-20
983a54c6-e3a2-4638-8247-c8e09876cf12,56,620,4811.22,2023-01-16,StanChart,2023-04-17,2023-05-06
cea2c64b-9f8d-4963-a3fe-67da74aa905a,63,593,6887.08,2020-09-05,National Bank,2023-04-16,2023-05-06
5dec448f-58c7-417f-aa53-4fab771857d2,64,77,3753.58,2021-06-24,StanChart,2023-04-07,2023-05-12
81725f5e-2c30-446c-ac89-0be87edec040,2,785,2367.29,2021-04-26,ABSA,2023-04-10,2023-05-10
c7b5cfb5-8b34-4d03-a25d-92dc4a7fdf12,1,52,5889.61,2021-12-01,KCB,2023-04-06,2023-05-23
5e0dd370-8b1a-46d6-ac57-9eaf955d36d1,40,427,7542.63,2022-10-12,StanChart,2023-04-13,2023-05-08
f0dc99b4-f8f2-4092-95f3-12df554d981f,41,844,2306.56,2023-02-25,StanChart,2023-05-01,2023-05-28
041ad308-8cb4-4f20-a645-0733d27de062,59,487,7825.3,2022-08-21,ABSA,2023-04-28,2023-05-25
4731b0a5-adb4-4f83-af43-3e9fa610f4f0,40,588,9477.19,2022-01-26,National Bank,2023-04-20,2023-05-10
2cea7f0a-4c49-409f-8321-bb7911db60a5,17,382,1693.51,2021-12-07,ABSA,2023-04-25,2023-05-08
ce8ddc73-6116-49d3-b60f-2c0a5ed9e23a,25,894,4863.81,2020-09-13,KCB,2023-04-12,2023-05-16
322ec9c1-d63c-478f-8e44-0a1f406b8518,9,765,3119.61,2022-05-20,StanChart,2023-04-18,2023-05-06
6aab9fd8-2049-4323-8fe6-e2e107387b37,23,625,6518.35,2022-05-24,National Bank,2023-04-07,2023-05-05
b99621f3-0817-4c71-8034-3fe8fa454bd6,67,510,7159.69,2021-10-05,ABSA,2023-04-24,2023-05-30
fd7ef6a9-e794-4659-85d9-cf157d667670,9,607,9823.14,2021-03-15,National Bank,2023-04-27,2023-06-01
0fa579cd-3a58-4981-8dbb-2663acd93654,84,243,9768.14,2020-12-05,National Bank,2023-05-01,2023-05-30
f01a1ab9-d4db-4395-aa01-401c79258506,25,592,1749.7,2022-02-21,StanChart,2023-04-16,2023-05-08
1c589710-9ee3-4505-a0c3-295c6ea3ec89,34,465,7189.17,2022-04-06,National Bank,2023-04-16,2023-05-29
ec26e1be-318b-49df-a709-10d7dc8934a5,18,33,5433.36,2022-03-05,ABSA,2023-04-12,2023-05-22
f9cebb9e-af37-4fdd-be5e-441dd7d814e9,59,29,2482.45,2021-10-22,KCB,2023-04-06,2023-05-15
5438342e-4365-4740-a448-89c941a07b32,86,549,4002.56,2021-08-16,StanChart,2023-05-04,2023-05-13
793e9ed5-f557-480b-b152-5d347cb4364a,87,926,5823.4,2022-07-13,KCB,2023-04-06,2023-05-31
414a49a2-a941-4578-ad63-32279988481a,7,463,7826.19,2021-03-07,National Bank,2023-04-20,2023-05-17
6d713356-a33c-4951-b963-911f95a64fc9,15,665,4401.25,2021-06-19,KCB,2023-04-08,2023-05-25
6cab794a-40a1-4978-94b3-f557ee9e3e4a,10,216,9219.2,2021-12-08,StanChart,2023-04-18,2023-05-07
07ef5c19-63be-4fb5-9cdb-513121a26c76,48,812,3634.89,2021-03-30,ABSA,2023-04-30,2023-05-29
2c538d5f-a15a-43b6-8010-75f3254f1722,76,886,6587.11,2023-02-09,ABSA,2023-04-23,2023-05-10
11f9692a-4cf0-472a-ac1a-3ec63748d476,25,9,4013.61,2021-10-01,National Bank,2023-04-14,2023-05-23
3bc963b6-0efe-479d-9bc4-d0f4c9788517,4,884,3555.16,2022-02-06,National Bank,2023-04-11,2023-05-31
c713113e-5490-41c9-860f-70984084b417,40,666,1159.35,2020-10-01,StanChart,2023-04-18,2023-05-07
b117991e-7341-4352-9f6c-be8852d30065,89,695,5062.38,2022-08-11,StanChart,2023-05-04,2023-05-18
168b89e3-ff2a-4148-a0e0-51a9f7776590,11,717,1375.91,2021-11-04,KCB,2023-04-06,2023-05-14
133e6300-ce4a-4dd9-b081-2076f20aeacd,36,819,6643.34,2023-03-30,StanChart,2023-04-18,2023-05-19
87db5f28-5c39-4e1a-8b8b-c4a8e726dcfa,85,202,2373.15,2023-01-16,StanChart,2023-04-28,2023-05-07
4ccbd8d1-bc96-4ea7-ac24-dbebc211d625,28,380,8320.13,2022-07-01,KCB,2023-05-03,2023-05-23
6433ac44-5aa8-45fd-a18b-7c5314067214,71,529,9304.29,2021-02-10,ABSA,2023-04-19,2023-06-02
95ca93f6-f4d8-4fb6-b164-47d4903682f4,11,595,6264.96,2022-10-06,National Bank,2023-04-18,2023-05-06
e7d45b66-8f74-4f89-9dbb-2832f9e24704,57,630,6100.41,2021-08-15,ABSA,2023-04-13,2023-05-25
bff101eb-bbcf-46a3-9787-4e2984446194,47,786,5668.5,2021-11-14,ABSA,2023-04-12,2023-05-26
95228617-2a25-4bf2-81ee-3c365f696cc8,21,690,6069.62,2022-12-07,National Bank,2023-05-02,2023-06-01
a51dcaed-bf29-4cae-a130-d88dc053e43a,54,325,7005.0,2021-04-21,StanChart,2023-05-01,2023-05-11
cc33c17e-85c9-46fc-9831-089ca6e8aeab,54,450,8207.76,2021-10-03,KCB,2023-05-04,2023-05-15
48ca81de-a0dc-4142-a16b-2f79aeb89b35,15,262,5571.54,2021-11-14,KCB,2023-04-24,2023-06-03
ec46047f-e2f9-4895-a486-ed7b949dc2a3,95,968,7756.49,2020-11-09,StanChart,2023-04-21,2023-06-01
bdd3c585-a4e7-4aed-b33f-abd38b4e40f7,54,543,5938.59,2021-03-13,StanChart,2023-04-29,2023-05-12
07872f7d-ed3c-4950-819b-fcbf60c99844,68,233,4679.3,2022-02-05,KCB,2023-04-27,2023-05-09
59a6eb0d-623a-485d-8b1b-5005c2adb59f,95,620,5252.23,2023-02-05,National Bank,2023-04-14,2023-05-06
7eeacdbe-4c54-4a1c-86f5-3747dddb2100,41,400,9778.9,2021-11-04,ABSA,2023-04-26,2023-05-07
5085312f-eff7-45c8-a064-b2618d83ca05,21,613,7987.25,2021-01-03,ABSA,2023-04-24,2023-05-18
41a7cb15-e79a-47ab-8b2d-fb0ea529e941,10,222,7989.68,2020-08-20,KCB,2023-04-11,2023-05-10
276befe9-7ab4-4b17-b7f0-05b687efddcb,67,171,5170.5,2021-07-24,KCB,2023-04-18,2023-05-19
c0961d17-4304-458d-b11e-2711eec80b43,37,26,1756.67,2021-12-12,StanChart,2023-04-22,2023-05-06
dd56be7e-df26-48e2-a1a1-bb4cdb65d7d3,45,673,2770.39,2022-04-23,KCB,2023-04-21,2023-05-19
0640bd87-1f9a-45f1-aed4-369c4ffa0fd5,93,45,1672.69,2022-06-11,StanChart,2023-04-30,2023-05-31
acfbe74f-84f3-4767-8dae-0350c1e56f7c,39,619,8641.28,2023-01-06,ABSA,2023-04-15,2023-05-23
17a4534d-bda9-40f5-83ac-53bbf60e1d5b,55,960,4805.17,2021-12-16,StanChart,2023-04-23,2023-05-21
1678b175-9b12-4e98-9f1d-063f83b1188e,81,862,8136.07,2023-04-09,ABSA,2023-04-28,2023-06-03
9c64017e-498a-4889-9287-a0fd59336f7c,8,442,9628.98,2020-11-14,National Bank,2023-04-16,2023-05-19
2db06fd5-e9f3-4666-8721-c6b555e36d26,78,898,3071.61,2022-02-20,ABSA,2023-04-30,2023-05-25
c8ce5ade-98bd-4c5b-a9d0-c653a613bdb3,11,418,2877.35,2020-11-24,ABSA,2023-04-19,2023-05-10
f4e2c4ff-065a-40d6-9065-e40b05f106ac,86,734,3331.98,2022-02-16,National Bank,2023-04-10,2023-05-13
80a4c65a-dd90-4cbb-b180-7afebe6e9f74,38,873,3793.44,2022-05-30,StanChart,2023-04-25,2023-05-22
5999f9d5-2b51-4532-b897-6dbc8979e2b3,60,437,7768.23,2022-01-24,National Bank,2023-04-12,2023-05-15
8be44ab6-ae12-4a8b-800f-26b3c92d31bc,12,761,3210.76,2022-08-30,ABSA,2023-04-13,2023-05-25
3f9eaecc-951a-40e0-8faa-a2752fd55917,8,307,8577.48,2022-10-17,National Bank,2023-04-20,2023-05-24
bd32dc5c-6610-434b-b03e-6fa7b399f36e,95,273,3180.06,2021-06-09,ABSA,2023-04-18,2023-05-20
47d58e56-a19d-4230-86fc-49880297e5f7,68,992,9189.97,2022-08-07,KCB,2023-04-30,2023-05-10
a8a9f9a0-0390-40be-be6a-0d84ae0e40ef,9,924,4699.98,2022-01-10,ABSA,2023-04-22,2023-05-18
5a69584f-a94f-4ae1-a9a2-e03767277d0a,54,371,5332.28,2022-07-17,KCB,2023-04-28,2023-05-18
d04c79b4-3520-42da-8b8c-f7294d11a6ce,31,247,3501.56,2023-02-11,StanChart,2023-04-28,2023-06-02
176062c6-41a6-4133-aabc-0800173f3d80,88,746,7280.48,2020-10-28,StanChart,2023-04-22,2023-05-08
1ea12bed-2e6b-43c0-9643-89b47243aec9,40,458,9280.32,2020-10-30,ABSA,2023-04-06,2023-05-30
f3e1afbf-9294-4329-a0d4-66ba54ff56fc,72,585,1031.62,2023-03-16,KCB,2023-04-15,2023-05-23
7b339874-4552-4bf4-af2f-bf46109aebd7,31,536,7441.81,2023-02-04,National Bank,2023-04-11,2023-05-24
f5c0e8fe-5cff-4da1-98d7-4f5f773b3895,20,156,3049.47,2022-11-07,StanChart,2023-04-20,2023-05-07
9b0ffb84-459d-44f0-8f62-103351b81bfa,24,892,5934.65,2021-03-10,National Bank,2023-04-18,2023-05-15
3352115c-d421-455a-9920-1173e078e7b8,51,383,8532.22,2021-04-28,StanChart,2023-04-15,2023-05-10
155d4d93-85fc-4ae5-a8d8-101ebf3733d6,17,16,3191.18,2020-11-14,StanChart,2023-05-01,2023-05-28
73d05141-8da8-45ec-92e1-7cbcd5812765,69,393,5412.44,2021-02-10,National Bank,2023-04-13,2023-05-16
70ec76dd-5d22-469a-ae8b-5805fe6cf773,67,975,8930.11,2022-04-08,ABSA,2023-04-28,2023-05-22
39f6beed-ebbf-4966-9d4f-d49ddda36481,35,956,4198.1,2021-08-26,StanChart,2023-05-03,2023-05-09
16badd8a-04de-4162-b565-bd5c37be63f5,83,421,1654.29,2022-05-23,National Bank,2023-04-18,2023-05-07
6ef2877a-a2d6-46f8-abd3-ff30258eea0e,53,23,4140.99,2021-02-01,StanChart,2023-04-16,2023-06-01
1817fc07-73d5-4a2a-8e45-5707d5a03853,3,250,7326.79,2021-07-09,KCB,2023-04-08,2023-05-17
fe91c49a-81c3-4772-bd8c-63a79ad195d8,89,775,3290.12,2021-01-18,KCB,2023-04-10,2023-06-03
cefe63be-cc64-4828-bc71-095c632e2dc7,5,818,8541.92,2021-06-19,National Bank,2023-04-13,2023-05-15
d7261fe8-8e3e-4105-b61f-4940a7129de5,90,232,3884.17,2021-04-01,National Bank,2023-04-17,2023-05-23
e9be0944-56eb-4a20-8faf-a0d0b4ea3b63,57,204,7064.69,2023-03-18,ABSA,2023-04-07,2023-05-14
5c1f8cde-8848-475d-87c6-54d7cb227a1c,39,526,6712.28,2022-12-30,KCB,2023-04-08,2023-05-06
ac5bb3fc-b93f-434c-b465-d8bb2525caa0,23,810,1927.58,2021-08-13,ABSA,2023-04-30,2023-05-11
18615fae-906b-4b26-aa55-23a9c9763c02,8,116,7009.42,2020-09-22,National Bank,2023-04-25,2023-05-15
38f6b4e5-9234-42f7-b388-85e71378fe69,19,781,1796.98,2021-12-24,KCB,2023-04-27,2023-05-26
f157c6c5-4de7-4867-b81f-d1fc218ec62a,55,854,9466.76,2023-02-20,ABSA,2023-04-07,2023-05-11
8bd0b260-9b6b-47c7-9d99-813ffbc32b8c,6,38,4418.53,2020-09-10,KCB,2023-04-27,2023-05-22
cba9243b-cbfe-43b2-a233-c25c327867dd,38,251,6268.82,2023-05-03,KCB,2023-04-10,2023-05-20
fc22d454-377e-40cc-8324-395e3385d055,67,740,1723.96,2022-02-27,KCB,2023-04-06,2023-05-10
165ff300-fb5d-428f-8d1e-69f2bfd1a0e5,22,113,7439.54,2021-08-31,KCB,2023-04-24,2023-05-05
433129a4-c48a-4550-a827-7939432a057d,6,701,5165.24,2022-08-06,ABSA,2023-04-08,2023-06-03
62ee640c-3674-43c4-8d5a-95ef9879e2f0,73,380,6018.67,2023-03-26,KCB,2023-04-23,2023-05-22
e5ce841d-1f1e-4fd8-a1a6-be441aae7ed4,24,320,3735.58,2021-08-11,ABSA,2023-04-28,2023-05-13
2cc2b78d-e991-475e-b7cc-990033fb8b89,79,964,7250.46,2021-12-17,KCB,2023-04-12,2023-05-21
202bc074-941c-4752-a6a7-25aa3c9ddd6b,91,667,7018.16,2022-01-21,National Bank,2023-04-13,2023-06-01
7e9a5e92-dd1f-4bc6-a69a-1522d4744552,15,347,3816.54,2020-10-11,KCB,2023-04-30,2023-05-24
27d7f945-4cbf-408b-bb9a-f27bea855e54,8,716,9495.49,2022-10-26,National Bank,2023-04-11,2023-05-05
d6cc28c4-21f7-46a8-b5a0-99a11a99dc78,92,703,9839.11,2022-10-16,ABSA,2023-04-11,2023-05-18
ab62cef7-9631-4ebf-a5e7-9826da7b5de4,84,114,5558.32,2020-12-02,KCB,2023-04-15,2023-05-14
dcb65dd1-b924-40ae-a942-ffaea0e2c3aa,30,185,8945.93,2021-09-13,KCB,2023-04-21,2023-06-01
dab5fb98-78b8-4063-b10c-5f7e2205b407,8,369,9294.33,2022-01-23,National Bank,2023-04-30,2023-05-10
4971ffc2-af00-4847-94f5-b9f62e498bbc,20,721,2790.46,2022-12-12,StanChart,2023-04-20,2023-06-01
49181b7c-0f90-47cf-8bc8-e302a834a4f2,60,795,3115.85,2022-03-14,ABSA,2023-04-27,2023-05-24
b793dec2-0ef9-4657-ae31-0ae86ce8257c,86,437,1133.26,2022-02-20,ABSA,2023-05-01,2023-05-06
846f63e2-8d22-43e7-bc42-0f2d657ac437,54,914,6527.93,2022-02-12,KCB,2023-05-01,2023-05-28
0d28ac30-0af6-47a0-b755-3bd53260e731,38,21,8748.68,2021-11-21,StanChart,2023-04-07,2023-05-20
34546846-f47a-4047-b1ac-05f7816f4869,64,792,8958.36,2021-07-31,National Bank,2023-04-08,2023-06-03
b8fa0aeb-5689-474f-b63f-c0f8ed1fa7d6,29,93,2942.53,2021-10-17,ABSA,2023-04-19,2023-05-15
fde3aeaa-5630-4635-8b0a-db3ce51d2fe7,91,234,7268.96,2022-03-20,StanChart,2023-04-16,2023-05-24
e600f97c-c491-4d7f-a71c-4255a290a12d,34,285,1234.94,2021-10-19,StanChart,2023-04-18,2023-05-17
2fe1625f-4660-4fd8-8e36-c41aecbfcb3f,27,744,5277.85,2023-02-09,ABSA,2023-04-23,2023-05-09
720bb98c-55f6-4d9c-af69-e00537839807,80,902,6709.7,2021-05-25,ABSA,2023-04-18,2023-05-29
960268b9-a0e4-4175-8945-dd81f71ff127,40,406,6414.8,2021-04-28,ABSA,2023-04-06,2023-05-09
4af09d39-127e-44c2-8c54-51c5dbf71fd7,64,686,4935.67,2022-04-20,KCB,2023-04-07,2023-05-30
340c4b2b-0497-47b0-9340-a54043f450f3,17,794,7652.77,2022-04-06,ABSA,2023-04-06,2023-05-05
3b5e236e-4db9-4584-a739-09ea0b2294a0,1,764,5287.67,2021-12-02,ABSA,2023-04-11,2023-05-26
c9317e78-096a-4cf3-b350-7cca15727c63,43,435,6238.89,2022-11-03,National Bank,2023-04-05,2023-06-03
8395e8b9-6989-4918-aa6e-8258d6ce3486,98,306,1583.16,2022-05-12,ABSA,2023-04-14,2023-05-31
5c5d49a6-6811-47f4-90f7-4a2d32769c86,11,464,6524.62,2022-05-14,KCB,2023-04-28,2023-05-07
9ef03636-6565-4b68-a9f5-1093b7cccfc5,12,983,9911.52,2022-08-16,National Bank,2023-04-24,2023-05-22
a1929160-1683-43d6-8b89-6e43232f8e82,38,526,4736.56,2021-07-31,National Bank,2023-04-28,2023-05-06
be9d86c2-442b-4d91-b9e7-bede4566ec60,81,110,6487.57,2022-02-03,KCB,2023-04-16,2023-05-26
916a7db4-7190-4f82-a91a-401c63081baa,69,786,6198.09,2020-12-11,ABSA,2023-04-12,2023-05-06
d4eff42d-983b-40eb-8a5c-3c489d692a17,37,476,2384.28,2021-11-26,KCB,2023-04-22,2023-06-01
323a5a16-e7ff-472e-9b8f-e83903bf7486,40,163,9222.74,2021-03-19,KCB,2023-04-23,2023-05-31
dd2eb7b3-f2f4-479f-9d0b-0ab30d23d55e,45,469,7373.26,2021-02-07,National Bank,2023-04-26,2023-05-09
c8e619b1-6a22-4b86-8bd6-8ee365df895c,59,242,7131.86,2021-02-17,KCB,2023-04-16,2023-05-21
7b618a13-1fdf-4593-af13-74468b678ce2,29,235,9373.82,2020-11-14,KCB,2023-04-25,2023-05-09
31acf809-45a4-4884-a179-b02d702306d3,73,340,2806.36,2020-09-06,KCB,2023-04-14,2023-06-01
b02d04ac-f2fe-4f75-993b-94fbac36b8c5,33,838,1024.06,2021-06-18,ABSA,2023-05-01,2023-05-22
81d92837-fd56-4de7-a02a-50039ad4b8b2,10,625,5492.97,2021-07-17,KCB,2023-04-21,2023-06-01
8bde4a3d-cc25-42c4-aaf0-2cdab746e176,69,965,2825.56,2021-02-28,StanChart,2023-04-11,2023-06-01
56052f03-fa9e-4cad-8cc5-abc19d3f0bed,87,701,6934.15,2020-12-23,ABSA,2023-04-15,2023-05-06
0c95f41f-934b-40c4-abec-4bb9435e4404,26,7,3956.68,2022-10-28,KCB,2023-04-21,2023-05-28
042cf490-a0f3-4cea-b354-cb9b10fe4d60,61,307,1163.7,2020-10-13,National Bank,2023-04-22,2023-05-11
e497705b-d6f2-4dfa-af28-c174d1a298b1,52,314,9890.02,2022-06-30,National Bank,2023-04-29,2023-05-10
b77a9e90-8eb4-45ae-8cb9-c33ed2a9ea96,29,581,8603.29,2023-02-17,KCB,2023-04-30,2023-05-05
eeaf985f-51a2-4c14-a99d-4a7abd157133,90,844,1596.71,2022-12-24,StanChart,2023-04-25,2023-05-18
2847008d-f938-4d29-966e-05705e7aae1d,39,622,8034.22,2021-11-29,ABSA,2023-04-18,2023-05-10
a5e8744c-e4f5-432a-bd2b-b7bdb3bfacc4,99,704,9026.59,2021-03-30,StanChart,2023-04-26,2023-05-26
c338215e-e1c1-4925-bfeb-4ec756a47a50,5,292,8047.26,2021-09-11,KCB,2023-04-21,2023-06-01
ff5fbfc3-688f-4075-abab-5ca0917cb89f,94,102,5426.95,2023-01-17,ABSA,2023-04-08,2023-05-20
3f26dd2e-2b7d-44a5-88bf-49cc6844940c,5,428,8084.38,2020-10-02,National Bank,2023-04-19,2023-05-22
68bd5829-d658-48fb-8f17-a99bdce76384,76,612,7046.39,2021-10-25,ABSA,2023-04-19,2023-06-03
f33018b2-96e3-4bdc-a5a9-97c5850bd5e0,19,507,3284.09,2022-05-12,KCB,2023-04-29,2023-05-29
9e1fb3af-6cd8-44b8-bb20-df54695110e7,40,4,5007.05,2022-06-25,National Bank,2023-04-28,2023-05-20
b72ff005-ded8-4f15-9b4d-4f80f28534e6,32,733,9240.92,2022-07-12,StanChart,2023-04-06,2023-05-19
5d65c6f2-cc35-4086-895a-d204d8a6779d,66,763,3259.33,2023-04-06,KCB,2023-04-06,2023-05-30
f3ae32d3-34f4-4669-830c-3d35acce39fe,16,549,4283.45,2021-11-28,ABSA,2023-04-10,2023-05-13
9440589e-72b5-4f1e-84e3-6e6336fc1051,68,240,4279.32,2020-09-23,National Bank,2023-04-07,2023-05-20
4ed0c1e0-9e7a-4ef4-96d0-30598aa30697,18,616,8258.75,2022-02-14,StanChart,2023-05-02,2023-05-26
bfb20595-72cd-424d-a9f2-4ac949b7a75e,69,498,4916.76,2022-02-19,National Bank,2023-04-09,2023-05-11
7b9b6355-324a-4c1a-a9f0-5849ee19ceff,46,332,3194.52,2022-05-11,StanChart,2023-04-29,2023-05-06
2146249c-4983-4eeb-b303-283a22c9d579,29,792,4052.11,2021-08-23,ABSA,2023-04-16,2023-05-07
62b7748b-ac10-45a9-9324-b0a3afab817e,64,580,8214.3,2021-07-05,National Bank,2023-04-05,2023-05-31
63bec6ed-482a-4ce4-8c95-03c3e6fbe3d6,33,309,3167.67,2021-07-23,ABSA,2023-04-19,2023-05-22
297a8e55-cd62-4fde-b398-7daca55b85c0,27,75,7842.94,2020-10-02,ABSA,2023-04-23,2023-05-24
53188d94-43f1-4982-b1c6-98fb41701712,24,733,6484.67,2022-04-17,KCB,2023-05-03,2023-05-08
2dd3db99-fa63-4eda-bb9d-0482f1507cdd,8,65,4466.79,2021-10-30,KCB,2023-04-05,2023-05-24
5604b821-91b8-479e-a9a9-2625268ba75b,18,911,2690.62,2023-02-27,National Bank,2023-04-18,2023-05-31
78d4bd91-2b8c-4f70-af90-b9d9582ff925,83,151,2286.02,2022-04-05,StanChart,2023-04-15,2023-05-13
41da3313-fad5-4486-a51d-c06c1cab8c4b,87,921,5526.3,2022-11-26,National Bank,2023-04-06,2023-05-05
01f8c8a0-1ed0-42b5-9550-db175e13ea2b,20,510,1876.44,2022-12-01,National Bank,2023-05-01,2023-05-08
8efa06d0-39a8-4950-aa0b-f8ca6d72c9cc,81,133,2745.35,2023-03-07,KCB,2023-04-23,2023-05-07
f5387527-43fb-4eb7-bd3c-2f94d519f3b6,32,678,3202.95,2021-11-07,KCB,2023-04-28,2023-05-06
0900d1ac-2d80-473a-a52f-31ac1dbe933f,84,406,3985.76,2022-11-06,National Bank,2023-04-14,2023-05-06
e53ffaae-16b9-4019-aecf-030c27eee044,18,131,5080.36,2020-12-31,ABSA,2023-05-03,2023-05-08
638bc9b7-409b-47b3-be81-9e034a0566f2,100,20,3341.16,2023-04-21,National Bank,2023-05-03,2023-05-27
8c7e546c-44f9-42da-bd91-ddedddfb1064,64,453,5786.97,2020-10-04,StanChart,2023-05-02,2023-05-21
22e7f100-fd4a-4104-9955-89866127151b,17,626,2417.26,2023-02-26,National Bank,2023-05-03,2023-05-17
000ae075-623d-43e0-937b-9b148ae44577,40,673,8769.88,2022-09-26,KCB,2023-05-04,2023-06-02
48391210-d346-4a73-a45d-c7dee397fc67,36,916,3604.7,2022-07-06,StanChart,2023-04-19,2023-05-24
fc932955-9526-4986-b293-bbd233aaefd7,36,242,1873.59,2022-04-17,KCB,2023-04-17,2023-05-27
94ec3f3b-728e-470f-a5f3-25671b9902dc,96,228,6686.13,2022-05-05,KCB,2023-04-05,2023-05-29
d37144d6-fe8a-4eb9-bd69-920607cc7e81,20,815,5155.84,2021-11-22,National Bank,2023-04-28,2023-05-08
820faf91-6c0a-426f-8d82-7b6255f13c27,61,935,9934.84,2022-10-24,National Bank,2023-04-11,2023-05-25
286896d7-624d-4d53-a32e-99aa4ab68ab1,14,832,4096.42,2023-03-30,KCB,2023-04-24,2023-05-12
90d6f1ec-ef7e-4578-b8bf-0227278c084d,99,312,1797.54,2021-03-07,ABSA,2023-05-01,2023-05-28
d3f7746a-d8c6-4dc1-9e4e-538f7b0beaab,55,316,3098.74,2023-04-05,KCB,2023-05-04,2023-05-24
104efa88-e079-4690-9ee1-155fd1fbcc8d,53,524,1952.1,2022-04-15,National Bank,2023-04-22,2023-05-29
d6713d70-9875-4bd1-abf0-e9e82ea38bfd,30,702,5832.42,2020-12-07,StanChart,2023-04-27,2023-05-21
6c1ff810-3f4c-43b4-a7e9-afc2ccbae9ba,56,416,4087.88,2022-10-29,StanChart,2023-04-26,2023-05-12
ee89688e-b88f-4028-82b5-08eb2be47fdb,93,976,2055.71,2022-05-22,ABSA,2023-04-13,2023-06-01
377ecce4-7fd5-47cd-87cc-4512b99a37aa,64,856,1186.99,2023-05-04,StanChart,2023-04-30,2023-05-20
0c409894-4071-443d-a4a8-1ad909162517,88,665,6040.66,2022-09-10,StanChart,2023-04-08,2023-05-26
16843066-a5da-4e77-925a-4ecd804836a7,14,601,6602.57,2021-06-18,ABSA,2023-04-16,2023-05-06
84d42f89-e238-4b98-b1fb-eee96c5adbf6,74,35,2984.99,2021-09-21,StanChart,2023-04-25,2023-05-13
637d7a42-38b4-4ada-864d-697caf89e55f,88,308,8382.7,2022-04-15,StanChart,2023-04-24,2023-06-02
3e9cd845-feaa-4574-8f4b-6b0304cb294e,83,32,6975.05,2021-07-15,KCB,2023-04-29,2023-05-17
5f05548e-e7e3-47de-9be3-3d921078127e,94,420,9722.88,2021-01-13,ABSA,2023-04-15,2023-05-17
bb2db447-8b0f-4611-b000-616c4989de2c,90,107,5098.42,2022-12-14,National Bank,2023-05-02,2023-05-22
763c0209-ad70-4837-b1ce-2fa51986d17a,67,89,3491.96,2020-11-17,National Bank,2023-04-22,2023-05-30
6616c9bc-c575-4dd1-87ce-285670596e0c,40,728,8296.74,2022-12-13,StanChart,2023-05-03,2023-05-13
bbc52049-3400-4910-8b8b-ef481fbc39a3,38,325,8075.08,2021-09-10,StanChart,2023-05-03,2023-05-11
847c9b15-1803-4c5a-aed3-2c79c62ce730,34,717,2336.61,2022-04-15,StanChart,2023-04-15,2023-05-15
b7cf46d0-ead6-4d04-a56c-90ef5ae148fd,45,523,2602.86,2023-04-25,KCB,2023-04-30,2023-05-12
02d45968-3def-4e9b-908d-2cbdb5e98712,51,700,3127.16,2020-12-26,StanChart,2023-04-26,2023-05-13
52db76e5-494b-40cd-9b22-f9eb0e260f0e,80,82,4863.43,2022-05-24,ABSA,2023-04-21,2023-05-27
4ddea9d3-cd59-43cf-be57-157a0c080b20,28,793,5526.37,2021-05-31,National Bank,2023-04-28,2023-05-07
682f1f3f-81e4-4ca7-81f3-3666cde4cbe8,36,414,8798.31,2021-12-24,ABSA,2023-04-14,2023-05-17
8107f598-513a-4788-84a1-b4da86e7d223,10,198,5598.03,2021-05-08,KCB,2023-04-15,2023-05-17
8e3c47f2-3669-49e1-9191-08797ce4cf59,31,254,5320.79,2022-09-12,KCB,2023-04-08,2023-05-13
2b706d4e-9a7e-4d2b-9e41-2ae99f75f24c,74,371,7256.36,2021-04-02,StanChart,2023-04-15,2023-05-20
51536eed-c9c9-4c6d-bb63-3286abebc0cd,81,291,4516.29,2020-11-13,ABSA,2023-05-04,2023-06-03
338d7c4f-8cc8-4da0-b03e-6db0d56645b4,49,505,2749.39,2023-04-15,ABSA,2023-04-27,2023-05-21
ecc00c39-1e70-40c7-bea6-134c92cef72b,68,844,7609.1,2021-03-27,KCB,2023-04-10,2023-05-18
21eae673-4374-48f8-acff-f2ca72d58647,46,417,3693.08,2021-11-13,National Bank,2023-04-09,2023-05-21
cb5fa2c5-d367-45fd-a146-ac33de4423f6,76,566,6583.53,2022-02-03,ABSA,2023-04-12,2023-06-01
ce806cb2-e54b-4038-9c32-5126cc4719d0,76,563,1332.82,2022-08-24,National Bank,2023-04-16,2023-05-13
8210b5ba-3481-4c91-86bc-bf5f94653169,26,691,5046.63,2023-02-12,National Bank,2023-04-16,2023-05-07
e25003e7-d213-469d-92b7-eb4e84aea8a5,8,344,3711.72,2022-03-05,KCB,2023-05-02,2023-05-21
8459669f-7015-4ea3-b00a-de5cfdbff1f2,22,116,6110.5,2020-08-12,ABSA,2023-04-05,2023-05-29
ec6603a9-70c1-4589-aed0-e958e07fd428,13,864,7821.17,2022-06-13,ABSA,2023-04-16,2023-05-18
f666f0ad-8670-4b55-8c77-620faaa30b8e,80,26,8391.09,2021-09-23,KCB,2023-04-25,2023-05-05
339b5f88-899d-4f91-b64c-b943129e24a5,2,528,2633.07,2022-03-18,ABSA,2023-04-08,2023-05-19
3a270032-d6db-429b-919f-d865aa2cf306,57,369,8554.09,2021-10-25,StanChart,2023-04-23,2023-05-29
23826786-a1f8-474f-96c3-45dd2dc7ccb2,90,281,9369.97,2020-10-23,StanChart,2023-04-16,2023-05-19
06ba8c12-e9ec-4da5-bbfa-75c18874f06a,76,267,8928.1,2022-06-29,ABSA,2023-05-03,2023-05-19
3a6e8334-5db3-49d7-9af4-b3368c1b9797,56,920,6540.02,2022-05-08,ABSA,2023-04-26,2023-05-17
3bd3055c-9d4a-44f6-88e8-121c7103f912,57,644,1738.68,2020-09-14,National Bank,2023-04-20,2023-05-13
3743907b-a144-4c9e-814b-a38a345920bd,62,285,2012.41,2023-03-16,National Bank,2023-04-30,2023-05-06
6ff68745-edfd-4b5a-94af-38c1de530328,9,600,7941.98,2023-04-02,ABSA,2023-04-14,2023-05-27
f092e356-8895-4370-9333-54c823d2285d,10,178,5746.33,2021-10-29,National Bank,2023-04-22,2023-05-05
cb5a848b-e6a4-4187-a01e-81c56040fc57,24,938,9239.59,2023-04-05,StanChart,2023-04-23,2023-05-20
0523f5e0-851b-45d2-b838-937ff7bd6c84,56,281,1279.65,2022-12-12,ABSA,2023-05-01,2023-05-06
229edd0a-74d6-42b8-a8bc-532b20a17d93,49,608,2873.46,2021-09-28,ABSA,2023-04-11,2023-06-03
525d7abc-497c-4c43-8b2a-e107ec8e5233,70,806,4942.25,2021-04-08,KCB,2023-04-06,2023-05-11
3d53c9c4-9234-412c-aab4-791c352ce98b,70,427,9591.58,2023-04-20,ABSA,2023-04-11,2023-05-22
93e8ab7e-bd14-4508-be8f-e2e37d5f09e6,27,990,6685.05,2021-06-11,KCB,2023-04-21,2023-05-07
cd818af8-2c54-4d68-9fe7-cee0b6140246,16,703,1957.14,2020-08-15,KCB,2023-04-24,2023-05-24
5e6be21d-cf4e-4e87-ac0e-40eae7a4597e,89,124,3562.16,2021-10-08,KCB,2023-04-27,2023-05-15
9249b63a-1a7c-4a36-b530-e886b64fe31b,70,101,7363.34,2022-03-31,ABSA,2023-04-22,2023-05-25
3013a524-0f14-4a6a-99e2-1f284566b3d3,25,196,9361.22,2020-09-17,KCB,2023-04-27,2023-05-26
41de11fb-5daf-4353-8b33-67e3fd715bb3,23,357,8892.22,2021-09-21,ABSA,2023-04-26,2023-05-06
3b6235a9-f7a9-44e6-8d2d-a1f6033a91af,75,596,7472.27,2022-02-24,ABSA,2023-05-04,2023-05-17
245f4047-6a81-4545-866d-093ec613d2e7,24,596,8070.48,2021-02-04,StanChart,2023-04-10,2023-05-19
50d6b54c-d0d9-4e20-af05-3d88cd88a582,27,541,5537.66,2022-01-19,StanChart,2023-04-20,2023-05-31
23a0f1b1-a51f-4d9a-b569-8c3cc6499ae3,35,982,1252.54,2020-10-14,KCB,2023-04-20,2023-05-28
84beac0e-0dd3-4feb-b917-26081fd08fdb,99,561,2413.23,2021-12-17,KCB,2023-04-27,2023-05-31
be1d663d-7f87-4da3-9abd-e68442a577a7,4,181,2682.55,2022-02-14,National Bank,2023-04-27,2023-05-28
1feea5cb-065e-4627-924f-f7a8e60ddc7c,61,8,9025.08,2022-08-25,ABSA,2023-04-10,2023-05-27
8c566cc8-04f8-4b99-828a-68097f98a62a,61,952,2449.15,2023-01-03,National Bank,2023-04-19,2023-06-03
f11ab1a6-067d-44f4-912a-e5976407be60,75,103,3707.95,2021-12-12,ABSA,2023-04-13,2023-05-28
0a42f748-d4f0-4413-b940-32860a7b29ef,3,156,4000.22,2020-10-08,National Bank,2023-04-23,2023-05-07
2252aef1-bfe2-484a-b21e-4a21e2ee345d,26,118,5712.81,2021-02-16,KCB,2023-04-22,2023-05-21
de29ace3-5bbf-4c0f-b8cf-dbedb18b72b8,86,547,1369.85,2022-01-29,KCB,2023-04-08,2023-05-11
36f47f44-8fc5-4274-9578-746363574c6a,8,487,7253.92,2022-11-15,National Bank,2023-04-29,2023-05-12
6f69cbd1-3bad-453f-afe5-0c48233845e0,80,720,9315.22,2021-06-15,ABSA,2023-05-04,2023-05-19
d34567ba-83ce-4763-bada-4f1f7ac3cf1d,50,12,5420.01,2022-09-21,ABSA,2023-04-30,2023-05-18
e769d31a-f493-4adc-8c99-f1ae9b95d2d2,22,78,7208.08,2020-09-02,StanChart,2023-04-14,2023-05-12
7f5325d0-2770-436e-ab58-6f6550640c75,19,867,8124.66,2020-12-09,KCB,2023-04-20,2023-05-08
82e59b18-6240-41b8-b919-5087d5154b63,86,138,8357.97,2022-04-19,ABSA,2023-05-04,2023-05-22
c9918daa-a4da-45d5-84eb-bddc1b7b01ed,99,422,2323.33,2022-08-17,National Bank,2023-04-15,2023-05-08
11d767a6-3a99-47e3-a132-1da11a942f3c,6,648,2415.78,2022-01-12,StanChart,2023-04-26,2023-05-29
32221623-ab8e-429d-9c7b-ba46444e2632,16,896,7823.05,2020-10-17,National Bank,2023-04-08,2023-05-18
a96cd4af-3144-4487-9b81-a4d42c026f03,80,11,4126.5,2021-03-03,National Bank,2023-04-21,2023-05-18
f706707f-577b-4ee4-9ec8-5113989f6394,86,934,4390.99,2023-04-06,ABSA,2023-05-04,2023-05-09
2e273d2a-43f0-492b-8836-1b7510a480af,14,331,3418.21,2020-09-06,StanChart,2023-04-28,2023-05-14
df578efe-2ef2-4563-a771-36df008dae60,35,213,8928.94,2022-03-29,ABSA,2023-04-15,2023-05-25
803a2769-9573-418d-9c79-57f84b9c1262,99,149,3682.98,2021-01-27,National Bank,2023-04-13,2023-06-01
