payment_date,year,quarter,month,day,day_of_week,day_of_year,week_of_year,month_name,quarter_name,year_month,year_quarter,time_id
2021-01-12,2021,1,1,12,2,12,2,January  ,1,2021-01,2021-1,1001
2021-03-18,2021,1,3,18,4,77,11,March    ,1,2021-03,2021-1,1002
2020-12-04,2020,4,12,4,5,339,49,December ,4,2020-12,2020-4,1003
2022-06-19,2022,2,6,19,0,170,24,June     ,2,2022-06,2022-2,1004
2021-04-16,2021,2,4,16,5,106,15,April    ,2,2021-04,2021-2,1005
2021-09-03,2021,3,9,3,5,246,35,September,3,2021-09,2021-3,1006
2021-07-20,2021,3,7,20,2,201,29,July     ,3,2021-07,2021-3,1007
2022-11-24,2022,4,11,24,4,328,47,November ,4,2022-11,2022-4,1008
2021-03-12,2021,1,3,12,5,71,10,March    ,1,2021-03,2021-1,1009
2021-08-04,2021,3,8,4,3,216,31,August   ,3,2021-08,2021-3,1010
2021-10-19,2021,4,10,19,2,292,42,October  ,4,2021-10,2021-4,1011
2022-01-01,2022,1,1,1,6,1,52,January  ,1,2022-01,2022-1,1012
2021-02-19,2021,1,2,19,5,50,7,February ,1,2021-02,2021-1,1013
2021-04-11,2021,2,4,11,0,101,14,April    ,2,2021-04,2021-2,1014
2020-11-24,2020,4,11,24,2,329,48,November ,4,2020-11,2020-4,1015
2020-12-08,2020,4,12,8,2,343,50,December ,4,2020-12,2020-4,1016
2022-12-15,2022,4,12,15,4,349,50,December ,4,2022-12,2022-4,1017
2022-06-01,2022,2,6,1,3,152,22,June     ,2,2022-06,2022-2,1018
2020-12-09,2020,4,12,9,3,344,50,December ,4,2020-12,2020-4,1019
2021-03-02,2021,1,3,2,2,61,9,March    ,1,2021-03,2021-1,1020
2023-02-28,2023,1,2,28,2,59,9,February ,1,2023-02,2023-1,1021
2021-08-05,2021,3,8,5,4,217,31,August   ,3,2021-08,2021-3,1022
2022-04-14,2022,2,4,14,4,104,15,April    ,2,2022-04,2022-2,1023
2021-11-18,2021,4,11,18,4,322,46,November ,4,2021-11,2021-4,1024
2022-02-11,2022,1,2,11,5,42,6,February ,1,2022-02,2022-1,1025
2022-10-10,2022,4,10,10,1,283,41,October  ,4,2022-10,2022-4,1026
2022-10-20,2022,4,10,20,4,293,42,October  ,4,2022-10,2022-4,1027
2023-04-27,2023,2,4,27,4,117,17,April    ,2,2023-04,2023-2,1028
2021-07-21,2021,3,7,21,3,202,29,July     ,3,2021-07,2021-3,1029
2022-09-23,2022,3,9,23,5,266,38,September,3,2022-09,2022-3,1030
2022-02-06,2022,1,2,6,0,37,5,February ,1,2022-02,2022-1,1031
2022-06-12,2022,2,6,12,0,163,23,June     ,2,2022-06,2022-2,1032
2020-10-12,2020,4,10,12,1,286,42,October  ,4,2020-10,2020-4,1033
2021-03-30,2021,1,3,30,2,89,13,March    ,1,2021-03,2021-1,1034
2022-04-23,2022,2,4,23,6,113,16,April    ,2,2022-04,2022-2,1035
2023-02-06,2023,1,2,6,1,37,6,February ,1,2023-02,2023-1,1036
2021-03-20,2021,1,3,20,6,79,11,March    ,1,2021-03,2021-1,1037
2023-04-14,2023,2,4,14,5,104,15,April    ,2,2023-04,2023-2,1038
2022-12-09,2022,4,12,9,5,343,49,December ,4,2022-12,2022-4,1039
2021-04-04,2021,2,4,4,0,94,13,April    ,2,2021-04,2021-2,1040
2022-09-26,2022,3,9,26,1,269,39,September,3,2022-09,2022-3,1041
2021-09-13,2021,3,9,13,1,256,37,September,3,2021-09,2021-3,1042
2022-11-10,2022,4,11,10,4,314,45,November ,4,2022-11,2022-4,1043
2021-05-15,2021,2,5,15,6,135,19,May      ,2,2021-05,2021-2,1044
2022-03-17,2022,1,3,17,4,76,11,March    ,1,2022-03,2022-1,1045
2022-03-18,2022,1,3,18,5,77,11,March    ,1,2022-03,2022-1,1046
2021-11-05,2021,4,11,5,5,309,44,November ,4,2021-11,2021-4,1047
2022-05-07,2022,2,5,7,6,127,18,May      ,2,2022-05,2022-2,1048
2023-03-29,2023,1,3,29,3,88,13,March    ,1,2023-03,2023-1,1049
2022-03-08,2022,1,3,8,2,67,10,March    ,1,2022-03,2022-1,1050
2020-09-12,2020,3,9,12,6,256,37,September,3,2020-09,2020-3,1051
2022-07-17,2022,3,7,17,0,198,28,July     ,3,2022-07,2022-3,1052
2021-06-17,2021,2,6,17,4,168,24,June     ,2,2021-06,2021-2,1053
2021-07-17,2021,3,7,17,6,198,28,July     ,3,2021-07,2021-3,1054
2022-06-13,2022,2,6,13,1,164,24,June     ,2,2022-06,2022-2,1055
2021-07-30,2021,3,7,30,5,211,30,July     ,3,2021-07,2021-3,1056
2022-10-06,2022,4,10,6,4,279,40,October  ,4,2022-10,2022-4,1057
2020-10-30,2020,4,10,30,5,304,44,October  ,4,2020-10,2020-4,1058
2021-04-03,2021,2,4,3,6,93,13,April    ,2,2021-04,2021-2,1059
2020-11-09,2020,4,11,9,1,314,46,November ,4,2020-11,2020-4,1060
2022-11-05,2022,4,11,5,6,309,44,November ,4,2022-11,2022-4,1061
2021-04-12,2021,2,4,12,1,102,15,April    ,2,2021-04,2021-2,1062
2020-10-18,2020,4,10,18,0,292,42,October  ,4,2020-10,2020-4,1063
2021-04-23,2021,2,4,23,5,113,16,April    ,2,2021-04,2021-2,1064
2022-05-07,2022,2,5,7,6,127,18,May      ,2,2022-05,2022-2,1065
2021-03-23,2021,1,3,23,2,82,12,March    ,1,2021-03,2021-1,1066
2023-03-23,2023,1,3,23,4,82,12,March    ,1,2023-03,2023-1,1067
2021-02-21,2021,1,2,21,0,52,7,February ,1,2021-02,2021-1,1068
2022-01-13,2022,1,1,13,4,13,2,January  ,1,2022-01,2022-1,1069
2022-09-12,2022,3,9,12,1,255,37,September,3,2022-09,2022-3,1070
2020-12-09,2020,4,12,9,3,344,50,December ,4,2020-12,2020-4,1071
2022-06-02,2022,2,6,2,4,153,22,June     ,2,2022-06,2022-2,1072
2023-02-20,2023,1,2,20,1,51,8,February ,1,2023-02,2023-1,1073
2022-04-10,2022,2,4,10,0,100,14,April    ,2,2022-04,2022-2,1074
2021-12-19,2021,4,12,19,0,353,50,December ,4,2021-12,2021-4,1075
2022-03-02,2022,1,3,2,3,61,9,March    ,1,2022-03,2022-1,1076
2022-01-08,2022,1,1,8,6,8,1,January  ,1,2022-01,2022-1,1077
2021-03-09,2021,1,3,9,2,68,10,March    ,1,2021-03,2021-1,1078
2021-03-02,2021,1,3,2,2,61,9,March    ,1,2021-03,2021-1,1079
2023-03-02,2023,1,3,2,4,61,9,March    ,1,2023-03,2023-1,1080
2022-10-14,2022,4,10,14,5,287,41,October  ,4,2022-10,2022-4,1081
2021-06-05,2021,2,6,5,6,156,22,June     ,2,2021-06,2021-2,1082
2021-07-16,2021,3,7,16,5,197,28,July     ,3,2021-07,2021-3,1083
2020-08-12,2020,3,8,12,3,225,33,August   ,3,2020-08,2020-3,1084
2020-09-04,2020,3,9,4,5,248,36,September,3,2020-09,2020-3,1085
2021-08-07,2021,3,8,7,6,219,31,August   ,3,2021-08,2021-3,1086
2022-07-22,2022,3,7,22,5,203,29,July     ,3,2022-07,2022-3,1087
2022-08-29,2022,3,8,29,1,241,35,August   ,3,2022-08,2022-3,1088
2021-04-04,2021,2,4,4,0,94,13,April    ,2,2021-04,2021-2,1089
2023-03-26,2023,1,3,26,0,85,12,March    ,1,2023-03,2023-1,1090
2020-08-14,2020,3,8,14,5,227,33,August   ,3,2020-08,2020-3,1091
2022-10-28,2022,4,10,28,5,301,43,October  ,4,2022-10,2022-4,1092
2022-04-19,2022,2,4,19,2,109,16,April    ,2,2022-04,2022-2,1093
2022-10-14,2022,4,10,14,5,287,41,October  ,4,2022-10,2022-4,1094
2023-02-09,2023,1,2,9,4,40,6,February ,1,2023-02,2023-1,1095
2020-10-10,2020,4,10,10,6,284,41,October  ,4,2020-10,2020-4,1096
2023-01-09,2023,1,1,9,1,9,2,January  ,1,2023-01,2023-1,1097
2020-10-31,2020,4,10,31,6,305,44,October  ,4,2020-10,2020-4,1098
2022-08-10,2022,3,8,10,3,222,32,August   ,3,2022-08,2022-3,1099
2022-04-15,2022,2,4,15,5,105,15,April    ,2,2022-04,2022-2,1100
2022-07-21,2022,3,7,21,4,202,29,July     ,3,2022-07,2022-3,1101
2023-03-28,2023,1,3,28,2,87,13,March    ,1,2023-03,2023-1,1102
2021-06-30,2021,2,6,30,3,181,26,June     ,2,2021-06,2021-2,1103
2022-12-22,2022,4,12,22,4,356,51,December ,4,2022-12,2022-4,1104
2022-10-26,2022,4,10,26,3,299,43,October  ,4,2022-10,2022-4,1105
2023-03-07,2023,1,3,7,2,66,10,March    ,1,2023-03,2023-1,1106
2022-11-07,2022,4,11,7,1,311,45,November ,4,2022-11,2022-4,1107
2022-08-21,2022,3,8,21,0,233,33,August   ,3,2022-08,2022-3,1108
2020-08-16,2020,3,8,16,0,229,33,August   ,3,2020-08,2020-3,1109
2021-04-18,2021,2,4,18,0,108,15,April    ,2,2021-04,2021-2,1110
2020-09-21,2020,3,9,21,1,265,39,September,3,2020-09,2020-3,1111
2020-10-16,2020,4,10,16,5,290,42,October  ,4,2020-10,2020-4,1112
2022-09-06,2022,3,9,6,2,249,36,September,3,2022-09,2022-3,1113
2022-12-24,2022,4,12,24,6,358,51,December ,4,2022-12,2022-4,1114
2022-02-27,2022,1,2,27,0,58,8,February ,1,2022-02,2022-1,1115
2020-10-30,2020,4,10,30,5,304,44,October  ,4,2020-10,2020-4,1116
2021-05-14,2021,2,5,14,5,134,19,May      ,2,2021-05,2021-2,1117
2022-10-01,2022,4,10,1,6,274,39,October  ,4,2022-10,2022-4,1118
2022-08-08,2022,3,8,8,1,220,32,August   ,3,2022-08,2022-3,1119
2022-10-04,2022,4,10,4,2,277,40,October  ,4,2022-10,2022-4,1120
2022-01-24,2022,1,1,24,1,24,4,January  ,1,2022-01,2022-1,1121
2020-12-31,2020,4,12,31,4,366,53,December ,4,2020-12,2020-4,1122
2021-07-19,2021,3,7,19,1,200,29,July     ,3,2021-07,2021-3,1123
2022-09-26,2022,3,9,26,1,269,39,September,3,2022-09,2022-3,1124
2022-08-02,2022,3,8,2,2,214,31,August   ,3,2022-08,2022-3,1125
2021-06-25,2021,2,6,25,5,176,25,June     ,2,2021-06,2021-2,1126
2021-10-07,2021,4,10,7,4,280,40,October  ,4,2021-10,2021-4,1127
2021-09-24,2021,3,9,24,5,267,38,September,3,2021-09,2021-3,1128
2022-07-02,2022,3,7,2,6,183,26,July     ,3,2022-07,2022-3,1129
2022-06-01,2022,2,6,1,3,152,22,June     ,2,2022-06,2022-2,1130
2022-03-28,2022,1,3,28,1,87,13,March    ,1,2022-03,2022-1,1131
2022-01-11,2022,1,1,11,2,11,2,January  ,1,2022-01,2022-1,1132
2022-06-05,2022,2,6,5,0,156,22,June     ,2,2022-06,2022-2,1133
2022-07-07,2022,3,7,7,4,188,27,July     ,3,2022-07,2022-3,1134
2021-12-20,2021,4,12,20,1,354,51,December ,4,2021-12,2021-4,1135
2021-08-17,2021,3,8,17,2,229,33,August   ,3,2021-08,2021-3,1136
2022-06-08,2022,2,6,8,3,159,23,June     ,2,2022-06,2022-2,1137
2021-08-20,2021,3,8,20,5,232,33,August   ,3,2021-08,2021-3,1138
2021-04-22,2021,2,4,22,4,112,16,April    ,2,2021-04,2021-2,1139
2020-08-08,2020,3,8,8,6,221,32,August   ,3,2020-08,2020-3,1140
2022-05-01,2022,2,5,1,0,121,17,May      ,2,2022-05,2022-2,1141
2021-12-16,2021,4,12,16,4,350,50,December ,4,2021-12,2021-4,1142
2020-09-03,2020,3,9,3,4,247,36,September,3,2020-09,2020-3,1143
2021-06-11,2021,2,6,11,5,162,23,June     ,2,2021-06,2021-2,1144
2022-01-14,2022,1,1,14,5,14,2,January  ,1,2022-01,2022-1,1145
2022-04-02,2022,2,4,2,6,92,13,April    ,2,2022-04,2022-2,1146
2020-11-28,2020,4,11,28,6,333,48,November ,4,2020-11,2020-4,1147
2022-07-22,2022,3,7,22,5,203,29,July     ,3,2022-07,2022-3,1148
2023-04-05,2023,2,4,5,3,95,14,April    ,2,2023-04,2023-2,1149
2020-12-04,2020,4,12,4,5,339,49,December ,4,2020-12,2020-4,1150
2021-08-15,2021,3,8,15,0,227,32,August   ,3,2021-08,2021-3,1151
2020-12-09,2020,4,12,9,3,344,50,December ,4,2020-12,2020-4,1152
2021-07-09,2021,3,7,9,5,190,27,July     ,3,2021-07,2021-3,1153
2022-07-13,2022,3,7,13,3,194,28,July     ,3,2022-07,2022-3,1154
2020-12-08,2020,4,12,8,2,343,50,December ,4,2020-12,2020-4,1155
2021-02-26,2021,1,2,26,5,57,8,February ,1,2021-02,2021-1,1156
2021-12-27,2021,4,12,27,1,361,52,December ,4,2021-12,2021-4,1157
2020-08-20,2020,3,8,20,4,233,34,August   ,3,2020-08,2020-3,1158
2022-05-26,2022,2,5,26,4,146,21,May      ,2,2022-05,2022-2,1159
2020-08-11,2020,3,8,11,2,224,33,August   ,3,2020-08,2020-3,1160
2023-01-13,2023,1,1,13,5,13,2,January  ,1,2023-01,2023-1,1161
2021-08-15,2021,3,8,15,0,227,32,August   ,3,2021-08,2021-3,1162
2021-07-15,2021,3,7,15,4,196,28,July     ,3,2021-07,2021-3,1163
2022-06-11,2022,2,6,11,6,162,23,June     ,2,2022-06,2022-2,1164
2021-03-08,2021,1,3,8,1,67,10,March    ,1,2021-03,2021-1,1165
2022-07-01,2022,3,7,1,5,182,26,July     ,3,2022-07,2022-3,1166
2023-01-18,2023,1,1,18,3,18,3,January  ,1,2023-01,2023-1,1167
2021-11-23,2021,4,11,23,2,327,47,November ,4,2021-11,2021-4,1168
2021-04-24,2021,2,4,24,6,114,16,April    ,2,2021-04,2021-2,1169
2022-07-13,2022,3,7,13,3,194,28,July     ,3,2022-07,2022-3,1170
2021-11-01,2021,4,11,1,1,305,44,November ,4,2021-11,2021-4,1171
2023-03-27,2023,1,3,27,1,86,13,March    ,1,2023-03,2023-1,1172
2020-10-18,2020,4,10,18,0,292,42,October  ,4,2020-10,2020-4,1173
2021-04-11,2021,2,4,11,0,101,14,April    ,2,2021-04,2021-2,1174
2021-12-26,2021,4,12,26,0,360,51,December ,4,2021-12,2021-4,1175
2020-12-31,2020,4,12,31,4,366,53,December ,4,2020-12,2020-4,1176
2022-03-08,2022,1,3,8,2,67,10,March    ,1,2022-03,2022-1,1177
2023-04-20,2023,2,4,20,4,110,16,April    ,2,2023-04,2023-2,1178
2022-02-14,2022,1,2,14,1,45,7,February ,1,2022-02,2022-1,1179
2023-03-19,2023,1,3,19,0,78,11,March    ,1,2023-03,2023-1,1180
2022-01-25,2022,1,1,25,2,25,4,January  ,1,2022-01,2022-1,1181
2021-12-12,2021,4,12,12,0,346,49,December ,4,2021-12,2021-4,1182
2021-09-10,2021,3,9,10,5,253,36,September,3,2021-09,2021-3,1183
2022-01-04,2022,1,1,4,2,4,1,January  ,1,2022-01,2022-1,1184
2020-09-21,2020,3,9,21,1,265,39,September,3,2020-09,2020-3,1185
2023-02-17,2023,1,2,17,5,48,7,February ,1,2023-02,2023-1,1186
2021-09-04,2021,3,9,4,6,247,35,September,3,2021-09,2021-3,1187
2021-06-23,2021,2,6,23,3,174,25,June     ,2,2021-06,2021-2,1188
2023-04-05,2023,2,4,5,3,95,14,April    ,2,2023-04,2023-2,1189
2022-04-13,2022,2,4,13,3,103,15,April    ,2,2022-04,2022-2,1190
2021-08-15,2021,3,8,15,0,227,32,August   ,3,2021-08,2021-3,1191
2021-11-08,2021,4,11,8,1,312,45,November ,4,2021-11,2021-4,1192
2021-04-18,2021,2,4,18,0,108,15,April    ,2,2021-04,2021-2,1193
2021-03-12,2021,1,3,12,5,71,10,March    ,1,2021-03,2021-1,1194
2022-10-04,2022,4,10,4,2,277,40,October  ,4,2022-10,2022-4,1195
2021-09-29,2021,3,9,29,3,272,39,September,3,2021-09,2021-3,1196
2022-05-31,2022,2,5,31,2,151,22,May      ,2,2022-05,2022-2,1197
2022-03-28,2022,1,3,28,1,87,13,March    ,1,2022-03,2022-1,1198
2020-09-06,2020,3,9,6,0,250,36,September,3,2020-09,2020-3,1199
2023-02-24,2023,1,2,24,5,55,8,February ,1,2023-02,2023-1,1200
2021-07-02,2021,3,7,2,5,183,26,July     ,3,2021-07,2021-3,1201
2021-03-06,2021,1,3,6,6,65,9,March    ,1,2021-03,2021-1,1202
2020-11-23,2020,4,11,23,1,328,48,November ,4,2020-11,2020-4,1203
2021-06-14,2021,2,6,14,1,165,24,June     ,2,2021-06,2021-2,1204
2021-11-09,2021,4,11,9,2,313,45,November ,4,2021-11,2021-4,1205
2021-05-06,2021,2,5,6,4,126,18,May      ,2,2021-05,2021-2,1206
2021-06-25,2021,2,6,25,5,176,25,June     ,2,2021-06,2021-2,1207
2022-01-08,2022,1,1,8,6,8,1,January  ,1,2022-01,2022-1,1208
2022-12-03,2022,4,12,3,6,337,48,December ,4,2022-12,2022-4,1209
2021-02-26,2021,1,2,26,5,57,8,February ,1,2021-02,2021-1,1210
2020-12-24,2020,4,12,24,4,359,52,December ,4,2020-12,2020-4,1211
2022-12-31,2022,4,12,31,6,365,52,December ,4,2022-12,2022-4,1212
2021-07-27,2021,3,7,27,2,208,30,July     ,3,2021-07,2021-3,1213
2021-06-19,2021,2,6,19,6,170,24,June     ,2,2021-06,2021-2,1214
2021-06-01,2021,2,6,1,2,152,22,June     ,2,2021-06,2021-2,1215
2020-12-06,2020,4,12,6,0,341,49,December ,4,2020-12,2020-4,1216
2022-07-20,2022,3,7,20,3,201,29,July     ,3,2022-07,2022-3,1217
2021-09-20,2021,3,9,20,1,263,38,September,3,2021-09,2021-3,1218
2023-01-15,2023,1,1,15,0,15,2,January  ,1,2023-01,2023-1,1219
2021-12-15,2021,4,12,15,3,349,50,December ,4,2021-12,2021-4,1220
2022-05-18,2022,2,5,18,3,138,20,May      ,2,2022-05,2022-2,1221
2021-07-16,2021,3,7,16,5,197,28,July     ,3,2021-07,2021-3,1222
2022-12-16,2022,4,12,16,5,350,50,December ,4,2022-12,2022-4,1223
2022-03-04,2022,1,3,4,5,63,9,March    ,1,2022-03,2022-1,1224
2022-07-08,2022,3,7,8,5,189,27,July     ,3,2022-07,2022-3,1225
2021-03-05,2021,1,3,5,5,64,9,March    ,1,2021-03,2021-1,1226
2021-01-14,2021,1,1,14,4,14,2,January  ,1,2021-01,2021-1,1227
2023-03-31,2023,1,3,31,5,90,13,March    ,1,2023-03,2023-1,1228
2020-12-02,2020,4,12,2,3,337,49,December ,4,2020-12,2020-4,1229
2022-04-07,2022,2,4,7,4,97,14,April    ,2,2022-04,2022-2,1230
2021-12-28,2021,4,12,28,2,362,52,December ,4,2021-12,2021-4,1231
2022-05-17,2022,2,5,17,2,137,20,May      ,2,2022-05,2022-2,1232
2023-02-10,2023,1,2,10,5,41,6,February ,1,2023-02,2023-1,1233
2023-01-07,2023,1,1,7,6,7,1,January  ,1,2023-01,2023-1,1234
2021-04-18,2021,2,4,18,0,108,15,April    ,2,2021-04,2021-2,1235
2020-12-30,2020,4,12,30,3,365,53,December ,4,2020-12,2020-4,1236
2021-03-21,2021,1,3,21,0,80,11,March    ,1,2021-03,2021-1,1237
2021-01-01,2021,1,1,1,5,1,53,January  ,1,2021-01,2021-1,1238
2021-03-23,2021,1,3,23,2,82,12,March    ,1,2021-03,2021-1,1239
2021-04-10,2021,2,4,10,6,100,14,April    ,2,2021-04,2021-2,1240
2022-02-08,2022,1,2,8,2,39,6,February ,1,2022-02,2022-1,1241
2020-11-24,2020,4,11,24,2,329,48,November ,4,2020-11,2020-4,1242
2021-03-16,2021,1,3,16,2,75,11,March    ,1,2021-03,2021-1,1243
2022-09-01,2022,3,9,1,4,244,35,September,3,2022-09,2022-3,1244
2022-12-17,2022,4,12,17,6,351,50,December ,4,2022-12,2022-4,1245
2022-08-06,2022,3,8,6,6,218,31,August   ,3,2022-08,2022-3,1246
2021-08-10,2021,3,8,10,2,222,32,August   ,3,2021-08,2021-3,1247
2021-07-30,2021,3,7,30,5,211,30,July     ,3,2021-07,2021-3,1248
2021-04-20,2021,2,4,20,2,110,16,April    ,2,2021-04,2021-2,1249
2022-02-20,2022,1,2,20,0,51,7,February ,1,2022-02,2022-1,1250
2022-11-23,2022,4,11,23,3,327,47,November ,4,2022-11,2022-4,1251
2021-05-02,2021,2,5,2,0,122,17,May      ,2,2021-05,2021-2,1252
2021-05-12,2021,2,5,12,3,132,19,May      ,2,2021-05,2021-2,1253
2021-05-17,2021,2,5,17,1,137,20,May      ,2,2021-05,2021-2,1254
2022-04-29,2022,2,4,29,5,119,17,April    ,2,2022-04,2022-2,1255
2022-02-03,2022,1,2,3,4,34,5,February ,1,2022-02,2022-1,1256
2021-08-02,2021,3,8,2,1,214,31,August   ,3,2021-08,2021-3,1257
2020-09-16,2020,3,9,16,3,260,38,September,3,2020-09,2020-3,1258
2023-03-05,2023,1,3,5,0,64,9,March    ,1,2023-03,2023-1,1259
2022-06-25,2022,2,6,25,6,176,25,June     ,2,2022-06,2022-2,1260
2022-08-24,2022,3,8,24,3,236,34,August   ,3,2022-08,2022-3,1261
2021-08-29,2021,3,8,29,0,241,34,August   ,3,2021-08,2021-3,1262
2023-02-28,2023,1,2,28,2,59,9,February ,1,2023-02,2023-1,1263
2020-10-25,2020,4,10,25,0,299,43,October  ,4,2020-10,2020-4,1264
2021-02-14,2021,1,2,14,0,45,6,February ,1,2021-02,2021-1,1265
2021-09-28,2021,3,9,28,2,271,39,September,3,2021-09,2021-3,1266
2022-09-09,2022,3,9,9,5,252,36,September,3,2022-09,2022-3,1267
2021-06-09,2021,2,6,9,3,160,23,June     ,2,2021-06,2021-2,1268
2022-10-22,2022,4,10,22,6,295,42,October  ,4,2022-10,2022-4,1269
2022-07-13,2022,3,7,13,3,194,28,July     ,3,2022-07,2022-3,1270
2020-12-06,2020,4,12,6,0,341,49,December ,4,2020-12,2020-4,1271
2020-11-14,2020,4,11,14,6,319,46,November ,4,2020-11,2020-4,1272
2020-10-30,2020,4,10,30,5,304,44,October  ,4,2020-10,2020-4,1273
2022-01-28,2022,1,1,28,5,28,4,January  ,1,2022-01,2022-1,1274
2022-08-02,2022,3,8,2,2,214,31,August   ,3,2022-08,2022-3,1275
2022-08-18,2022,3,8,18,4,230,33,August   ,3,2022-08,2022-3,1276
2021-11-28,2021,4,11,28,0,332,47,November ,4,2021-11,2021-4,1277
2023-01-13,2023,1,1,13,5,13,2,January  ,1,2023-01,2023-1,1278
2022-10-22,2022,4,10,22,6,295,42,October  ,4,2022-10,2022-4,1279
2021-02-15,2021,1,2,15,1,46,7,February ,1,2021-02,2021-1,1280
2023-03-16,2023,1,3,16,4,75,11,March    ,1,2023-03,2023-1,1281
2021-02-09,2021,1,2,9,2,40,6,February ,1,2021-02,2021-1,1282
2021-05-23,2021,2,5,23,0,143,20,May      ,2,2021-05,2021-2,1283
2021-12-30,2021,4,12,30,4,364,52,December ,4,2021-12,2021-4,1284
2021-07-27,2021,3,7,27,2,208,30,July     ,3,2021-07,2021-3,1285
2020-09-23,2020,3,9,23,3,267,39,September,3,2020-09,2020-3,1286
2023-02-14,2023,1,2,14,2,45,7,February ,1,2023-02,2023-1,1287
2020-11-02,2020,4,11,2,1,307,45,November ,4,2020-11,2020-4,1288
2020-10-20,2020,4,10,20,2,294,43,October  ,4,2020-10,2020-4,1289
2021-09-25,2021,3,9,25,6,268,38,September,3,2021-09,2021-3,1290
2021-02-14,2021,1,2,14,0,45,6,February ,1,2021-02,2021-1,1291
2022-01-25,2022,1,1,25,2,25,4,January  ,1,2022-01,2022-1,1292
2022-03-31,2022,1,3,31,4,90,13,March    ,1,2022-03,2022-1,1293
2021-08-14,2021,3,8,14,6,226,32,August   ,3,2021-08,2021-3,1294
2022-04-08,2022,2,4,8,5,98,14,April    ,2,2022-04,2022-2,1295
2021-12-31,2021,4,12,31,5,365,52,December ,4,2021-12,2021-4,1296
2020-12-31,2020,4,12,31,4,366,53,December ,4,2020-12,2020-4,1297
2020-08-17,2020,3,8,17,1,230,34,August   ,3,2020-08,2020-3,1298
2021-02-11,2021,1,2,11,4,42,6,February ,1,2021-02,2021-1,1299
2021-05-15,2021,2,5,15,6,135,19,May      ,2,2021-05,2021-2,1300
2022-04-10,2022,2,4,10,0,100,14,April    ,2,2022-04,2022-2,1301
2022-12-10,2022,4,12,10,6,344,49,December ,4,2022-12,2022-4,1302
2021-07-12,2021,3,7,12,1,193,28,July     ,3,2021-07,2021-3,1303
2022-04-05,2022,2,4,5,2,95,14,April    ,2,2022-04,2022-2,1304
2020-10-19,2020,4,10,19,1,293,43,October  ,4,2020-10,2020-4,1305
2020-11-08,2020,4,11,8,0,313,45,November ,4,2020-11,2020-4,1306
2021-09-15,2021,3,9,15,3,258,37,September,3,2021-09,2021-3,1307
2022-11-08,2022,4,11,8,2,312,45,November ,4,2022-11,2022-4,1308
2021-01-10,2021,1,1,10,0,10,1,January  ,1,2021-01,2021-1,1309
2021-06-04,2021,2,6,4,5,155,22,June     ,2,2021-06,2021-2,1310
2022-10-26,2022,4,10,26,3,299,43,October  ,4,2022-10,2022-4,1311
2020-11-01,2020,4,11,1,0,306,44,November ,4,2020-11,2020-4,1312
2020-09-30,2020,3,9,30,3,274,40,September,3,2020-09,2020-3,1313
2022-11-22,2022,4,11,22,2,326,47,November ,4,2022-11,2022-4,1314
2021-12-23,2021,4,12,23,4,357,51,December ,4,2021-12,2021-4,1315
2022-08-16,2022,3,8,16,2,228,33,August   ,3,2022-08,2022-3,1316
2022-09-02,2022,3,9,2,5,245,35,September,3,2022-09,2022-3,1317
2022-04-05,2022,2,4,5,2,95,14,April    ,2,2022-04,2022-2,1318
2023-01-29,2023,1,1,29,0,29,4,January  ,1,2023-01,2023-1,1319
2021-02-16,2021,1,2,16,2,47,7,February ,1,2021-02,2021-1,1320
2022-02-26,2022,1,2,26,6,57,8,February ,1,2022-02,2022-1,1321
2022-05-22,2022,2,5,22,0,142,20,May      ,2,2022-05,2022-2,1322
2022-01-28,2022,1,1,28,5,28,4,January  ,1,2022-01,2022-1,1323
2022-07-15,2022,3,7,15,5,196,28,July     ,3,2022-07,2022-3,1324
2020-09-17,2020,3,9,17,4,261,38,September,3,2020-09,2020-3,1325
2022-12-10,2022,4,12,10,6,344,49,December ,4,2022-12,2022-4,1326
2023-02-15,2023,1,2,15,3,46,7,February ,1,2023-02,2023-1,1327
2023-01-07,2023,1,1,7,6,7,1,January  ,1,2023-01,2023-1,1328
2023-03-09,2023,1,3,9,4,68,10,March    ,1,2023-03,2023-1,1329
2022-05-20,2022,2,5,20,5,140,20,May      ,2,2022-05,2022-2,1330
2022-08-11,2022,3,8,11,4,223,32,August   ,3,2022-08,2022-3,1331
2023-01-21,2023,1,1,21,6,21,3,January  ,1,2023-01,2023-1,1332
2022-05-27,2022,2,5,27,5,147,21,May      ,2,2022-05,2022-2,1333
2021-08-23,2021,3,8,23,1,235,34,August   ,3,2021-08,2021-3,1334
2021-01-17,2021,1,1,17,0,17,2,January  ,1,2021-01,2021-1,1335
2022-04-03,2022,2,4,3,0,93,13,April    ,2,2022-04,2022-2,1336
2022-12-30,2022,4,12,30,5,364,52,December ,4,2022-12,2022-4,1337
2021-11-11,2021,4,11,11,4,315,45,November ,4,2021-11,2021-4,1338
2021-07-23,2021,3,7,23,5,204,29,July     ,3,2021-07,2021-3,1339
2022-05-08,2022,2,5,8,0,128,18,May      ,2,2022-05,2022-2,1340
2021-10-15,2021,4,10,15,5,288,41,October  ,4,2021-10,2021-4,1341
2021-04-14,2021,2,4,14,3,104,15,April    ,2,2021-04,2021-2,1342
2022-07-13,2022,3,7,13,3,194,28,July     ,3,2022-07,2022-3,1343
2020-10-16,2020,4,10,16,5,290,42,October  ,4,2020-10,2020-4,1344
2021-05-28,2021,2,5,28,5,148,21,May      ,2,2021-05,2021-2,1345
2021-06-06,2021,2,6,6,0,157,22,June     ,2,2021-06,2021-2,1346
2022-05-07,2022,2,5,7,6,127,18,May      ,2,2022-05,2022-2,1347
2023-05-03,2023,2,5,3,3,123,18,May      ,2,2023-05,2023-2,1348
2020-08-25,2020,3,8,25,2,238,35,August   ,3,2020-08,2020-3,1349
2021-12-03,2021,4,12,3,5,337,48,December ,4,2021-12,2021-4,1350
2021-07-08,2021,3,7,8,4,189,27,July     ,3,2021-07,2021-3,1351
2022-10-06,2022,4,10,6,4,279,40,October  ,4,2022-10,2022-4,1352
2023-02-22,2023,1,2,22,3,53,8,February ,1,2023-02,2023-1,1353
2022-04-12,2022,2,4,12,2,102,15,April    ,2,2022-04,2022-2,1354
2020-10-26,2020,4,10,26,1,300,44,October  ,4,2020-10,2020-4,1355
2022-04-10,2022,2,4,10,0,100,14,April    ,2,2022-04,2022-2,1356
2020-09-17,2020,3,9,17,4,261,38,September,3,2020-09,2020-3,1357
2021-09-17,2021,3,9,17,5,260,37,September,3,2021-09,2021-3,1358
2022-02-15,2022,1,2,15,2,46,7,February ,1,2022-02,2022-1,1359
2021-03-26,2021,1,3,26,5,85,12,March    ,1,2021-03,2021-1,1360
2022-11-11,2022,4,11,11,5,315,45,November ,4,2022-11,2022-4,1361
2022-11-19,2022,4,11,19,6,323,46,November ,4,2022-11,2022-4,1362
2023-04-11,2023,2,4,11,2,101,15,April    ,2,2023-04,2023-2,1363
2022-03-18,2022,1,3,18,5,77,11,March    ,1,2022-03,2022-1,1364
2021-08-14,2021,3,8,14,6,226,32,August   ,3,2021-08,2021-3,1365
2021-12-31,2021,4,12,31,5,365,52,December ,4,2021-12,2021-4,1366
2023-02-15,2023,1,2,15,3,46,7,February ,1,2023-02,2023-1,1367
2021-08-11,2021,3,8,11,3,223,32,August   ,3,2021-08,2021-3,1368
2021-05-18,2021,2,5,18,2,138,20,May      ,2,2021-05,2021-2,1369
2021-01-01,2021,1,1,1,5,1,53,January  ,1,2021-01,2021-1,1370
2022-07-18,2022,3,7,18,1,199,29,July     ,3,2022-07,2022-3,1371
2022-03-10,2022,1,3,10,4,69,10,March    ,1,2022-03,2022-1,1372
2022-02-17,2022,1,2,17,4,48,7,February ,1,2022-02,2022-1,1373
2021-09-07,2021,3,9,7,2,250,36,September,3,2021-09,2021-3,1374
2023-04-11,2023,2,4,11,2,101,15,April    ,2,2023-04,2023-2,1375
2022-12-17,2022,4,12,17,6,351,50,December ,4,2022-12,2022-4,1376
2020-11-09,2020,4,11,9,1,314,46,November ,4,2020-11,2020-4,1377
2022-06-29,2022,2,6,29,3,180,26,June     ,2,2022-06,2022-2,1378
2022-03-03,2022,1,3,3,4,62,9,March    ,1,2022-03,2022-1,1379
2021-12-31,2021,4,12,31,5,365,52,December ,4,2021-12,2021-4,1380
2022-09-18,2022,3,9,18,0,261,37,September,3,2022-09,2022-3,1381
2022-10-08,2022,4,10,8,6,281,40,October  ,4,2022-10,2022-4,1382
2021-04-22,2021,2,4,22,4,112,16,April    ,2,2021-04,2021-2,1383
2022-10-21,2022,4,10,21,5,294,42,October  ,4,2022-10,2022-4,1384
2021-03-01,2021,1,3,1,1,60,9,March    ,1,2021-03,2021-1,1385
2022-09-23,2022,3,9,23,5,266,38,September,3,2022-09,2022-3,1386
2023-01-29,2023,1,1,29,0,29,4,January  ,1,2023-01,2023-1,1387
2020-09-05,2020,3,9,5,6,249,36,September,3,2020-09,2020-3,1388
2023-02-08,2023,1,2,8,3,39,6,February ,1,2023-02,2023-1,1389
2021-04-21,2021,2,4,21,3,111,16,April    ,2,2021-04,2021-2,1390
2021-10-22,2021,4,10,22,5,295,42,October  ,4,2021-10,2021-4,1391
2021-02-12,2021,1,2,12,5,43,6,February ,1,2021-02,2021-1,1392
2022-11-14,2022,4,11,14,1,318,46,November ,4,2022-11,2022-4,1393
2023-03-13,2023,1,3,13,1,72,11,March    ,1,2023-03,2023-1,1394
2021-09-28,2021,3,9,28,2,271,39,September,3,2021-09,2021-3,1395
2022-10-13,2022,4,10,13,4,286,41,October  ,4,2022-10,2022-4,1396
2021-01-04,2021,1,1,4,1,4,1,January  ,1,2021-01,2021-1,1397
2022-06-03,2022,2,6,3,5,154,22,June     ,2,2022-06,2022-2,1398
2021-08-25,2021,3,8,25,3,237,34,August   ,3,2021-08,2021-3,1399
2023-03-02,2023,1,3,2,4,61,9,March    ,1,2023-03,2023-1,1400
2021-07-15,2021,3,7,15,4,196,28,July     ,3,2021-07,2021-3,1401
2022-11-12,2022,4,11,12,6,316,45,November ,4,2022-11,2022-4,1402
2021-10-22,2021,4,10,22,5,295,42,October  ,4,2021-10,2021-4,1403
2022-10-28,2022,4,10,28,5,301,43,October  ,4,2022-10,2022-4,1404
2023-03-03,2023,1,3,3,5,62,9,March    ,1,2023-03,2023-1,1405
2021-09-01,2021,3,9,1,3,244,35,September,3,2021-09,2021-3,1406
2023-02-21,2023,1,2,21,2,52,8,February ,1,2023-02,2023-1,1407
2022-10-25,2022,4,10,25,2,298,43,October  ,4,2022-10,2022-4,1408
2022-07-29,2022,3,7,29,5,210,30,July     ,3,2022-07,2022-3,1409
2022-11-09,2022,4,11,9,3,313,45,November ,4,2022-11,2022-4,1410
2021-06-06,2021,2,6,6,0,157,22,June     ,2,2021-06,2021-2,1411
2022-12-25,2022,4,12,25,0,359,51,December ,4,2022-12,2022-4,1412
2021-01-04,2021,1,1,4,1,4,1,January  ,1,2021-01,2021-1,1413
2023-03-26,2023,1,3,26,0,85,12,March    ,1,2023-03,2023-1,1414
2021-02-16,2021,1,2,16,2,47,7,February ,1,2021-02,2021-1,1415
2022-12-03,2022,4,12,3,6,337,48,December ,4,2022-12,2022-4,1416
2022-07-07,2022,3,7,7,4,188,27,July     ,3,2022-07,2022-3,1417
2023-03-06,2023,1,3,6,1,65,10,March    ,1,2023-03,2023-1,1418
2022-04-18,2022,2,4,18,1,108,16,April    ,2,2022-04,2022-2,1419
2022-05-11,2022,2,5,11,3,131,19,May      ,2,2022-05,2022-2,1420
2022-08-03,2022,3,8,3,3,215,31,August   ,3,2022-08,2022-3,1421
2023-04-12,2023,2,4,12,3,102,15,April    ,2,2023-04,2023-2,1422
2022-05-04,2022,2,5,4,3,124,18,May      ,2,2022-05,2022-2,1423
2023-02-10,2023,1,2,10,5,41,6,February ,1,2023-02,2023-1,1424
2022-07-20,2022,3,7,20,3,201,29,July     ,3,2022-07,2022-3,1425
2022-10-06,2022,4,10,6,4,279,40,October  ,4,2022-10,2022-4,1426
2022-12-24,2022,4,12,24,6,358,51,December ,4,2022-12,2022-4,1427
2021-03-30,2021,1,3,30,2,89,13,March    ,1,2021-03,2021-1,1428
2021-02-22,2021,1,2,22,1,53,8,February ,1,2021-02,2021-1,1429
2020-08-22,2020,3,8,22,6,235,34,August   ,3,2020-08,2020-3,1430
2021-07-11,2021,3,7,11,0,192,27,July     ,3,2021-07,2021-3,1431
2023-02-13,2023,1,2,13,1,44,7,February ,1,2023-02,2023-1,1432
2021-09-12,2021,3,9,12,0,255,36,September,3,2021-09,2021-3,1433
2022-09-09,2022,3,9,9,5,252,36,September,3,2022-09,2022-3,1434
2021-02-08,2021,1,2,8,1,39,6,February ,1,2021-02,2021-1,1435
2022-05-28,2022,2,5,28,6,148,21,May      ,2,2022-05,2022-2,1436
2022-12-23,2022,4,12,23,5,357,51,December ,4,2022-12,2022-4,1437
2021-04-14,2021,2,4,14,3,104,15,April    ,2,2021-04,2021-2,1438
2020-12-04,2020,4,12,4,5,339,49,December ,4,2020-12,2020-4,1439
2021-09-18,2021,3,9,18,6,261,37,September,3,2021-09,2021-3,1440
2021-11-14,2021,4,11,14,0,318,45,November ,4,2021-11,2021-4,1441
2022-05-25,2022,2,5,25,3,145,21,May      ,2,2022-05,2022-2,1442
2022-05-21,2022,2,5,21,6,141,20,May      ,2,2022-05,2022-2,1443
2020-10-09,2020,4,10,9,5,283,41,October  ,4,2020-10,2020-4,1444
2022-10-14,2022,4,10,14,5,287,41,October  ,4,2022-10,2022-4,1445
2020-11-16,2020,4,11,16,1,321,47,November ,4,2020-11,2020-4,1446
2022-08-03,2022,3,8,3,3,215,31,August   ,3,2022-08,2022-3,1447
2022-08-15,2022,3,8,15,1,227,33,August   ,3,2022-08,2022-3,1448
2021-05-29,2021,2,5,29,6,149,21,May      ,2,2021-05,2021-2,1449
2020-09-17,2020,3,9,17,4,261,38,September,3,2020-09,2020-3,1450
2020-11-04,2020,4,11,4,3,309,45,November ,4,2020-11,2020-4,1451
2022-11-21,2022,4,11,21,1,325,47,November ,4,2022-11,2022-4,1452
2021-12-18,2021,4,12,18,6,352,50,December ,4,2021-12,2021-4,1453
2020-11-12,2020,4,11,12,4,317,46,November ,4,2020-11,2020-4,1454
2022-09-01,2022,3,9,1,4,244,35,September,3,2022-09,2022-3,1455
2022-09-28,2022,3,9,28,3,271,39,September,3,2022-09,2022-3,1456
2020-12-15,2020,4,12,15,2,350,51,December ,4,2020-12,2020-4,1457
2021-12-21,2021,4,12,21,2,355,51,December ,4,2021-12,2021-4,1458
2021-08-30,2021,3,8,30,1,242,35,August   ,3,2021-08,2021-3,1459
2022-09-19,2022,3,9,19,1,262,38,September,3,2022-09,2022-3,1460
2020-08-18,2020,3,8,18,2,231,34,August   ,3,2020-08,2020-3,1461
2022-02-05,2022,1,2,5,6,36,5,February ,1,2022-02,2022-1,1462
2022-08-22,2022,3,8,22,1,234,34,August   ,3,2022-08,2022-3,1463
2021-07-24,2021,3,7,24,6,205,29,July     ,3,2021-07,2021-3,1464
2020-08-27,2020,3,8,27,4,240,35,August   ,3,2020-08,2020-3,1465
2020-08-21,2020,3,8,21,5,234,34,August   ,3,2020-08,2020-3,1466
2022-03-31,2022,1,3,31,4,90,13,March    ,1,2022-03,2022-1,1467
2022-05-28,2022,2,5,28,6,148,21,May      ,2,2022-05,2022-2,1468
2020-11-09,2020,4,11,9,1,314,46,November ,4,2020-11,2020-4,1469
2022-07-05,2022,3,7,5,2,186,27,July     ,3,2022-07,2022-3,1470
2022-05-25,2022,2,5,25,3,145,21,May      ,2,2022-05,2022-2,1471
2021-08-02,2021,3,8,2,1,214,31,August   ,3,2021-08,2021-3,1472
2020-10-05,2020,4,10,5,1,279,41,October  ,4,2020-10,2020-4,1473
2022-08-18,2022,3,8,18,4,230,33,August   ,3,2022-08,2022-3,1474
2022-08-13,2022,3,8,13,6,225,32,August   ,3,2022-08,2022-3,1475
2022-02-06,2022,1,2,6,0,37,5,February ,1,2022-02,2022-1,1476
2022-07-16,2022,3,7,16,6,197,28,July     ,3,2022-07,2022-3,1477
2022-03-12,2022,1,3,12,6,71,10,March    ,1,2022-03,2022-1,1478
2021-01-20,2021,1,1,20,3,20,3,January  ,1,2021-01,2021-1,1479
2022-08-26,2022,3,8,26,5,238,34,August   ,3,2022-08,2022-3,1480
2021-04-25,2021,2,4,25,0,115,16,April    ,2,2021-04,2021-2,1481
2023-02-26,2023,1,2,26,0,57,8,February ,1,2023-02,2023-1,1482
2023-01-01,2023,1,1,1,0,1,52,January  ,1,2023-01,2023-1,1483
2020-12-25,2020,4,12,25,5,360,52,December ,4,2020-12,2020-4,1484
2022-09-10,2022,3,9,10,6,253,36,September,3,2022-09,2022-3,1485
2021-01-14,2021,1,1,14,4,14,2,January  ,1,2021-01,2021-1,1486
2022-08-09,2022,3,8,9,2,221,32,August   ,3,2022-08,2022-3,1487
2023-01-18,2023,1,1,18,3,18,3,January  ,1,2023-01,2023-1,1488
2021-09-23,2021,3,9,23,4,266,38,September,3,2021-09,2021-3,1489
2021-04-12,2021,2,4,12,1,102,15,April    ,2,2021-04,2021-2,1490
2020-12-13,2020,4,12,13,0,348,50,December ,4,2020-12,2020-4,1491
2021-05-04,2021,2,5,4,2,124,18,May      ,2,2021-05,2021-2,1492
2022-10-16,2022,4,10,16,0,289,41,October  ,4,2022-10,2022-4,1493
2022-07-11,2022,3,7,11,1,192,28,July     ,3,2022-07,2022-3,1494
2022-08-10,2022,3,8,10,3,222,32,August   ,3,2022-08,2022-3,1495
2021-12-16,2021,4,12,16,4,350,50,December ,4,2021-12,2021-4,1496
2020-08-30,2020,3,8,30,0,243,35,August   ,3,2020-08,2020-3,1497
2023-02-24,2023,1,2,24,5,55,8,February ,1,2023-02,2023-1,1498
2022-12-30,2022,4,12,30,5,364,52,December ,4,2022-12,2022-4,1499
2020-10-23,2020,4,10,23,5,297,43,October  ,4,2020-10,2020-4,1500
2023-04-18,2023,2,4,18,2,108,16,April    ,2,2023-04,2023-2,1501
2020-11-13,2020,4,11,13,5,318,46,November ,4,2020-11,2020-4,1502
2021-04-07,2021,2,4,7,3,97,14,April    ,2,2021-04,2021-2,1503
2021-09-12,2021,3,9,12,0,255,36,September,3,2021-09,2021-3,1504
2020-09-15,2020,3,9,15,2,259,38,September,3,2020-09,2020-3,1505
2022-09-16,2022,3,9,16,5,259,37,September,3,2022-09,2022-3,1506
2021-03-23,2021,1,3,23,2,82,12,March    ,1,2021-03,2021-1,1507
2022-07-02,2022,3,7,2,6,183,26,July     ,3,2022-07,2022-3,1508
2022-08-02,2022,3,8,2,2,214,31,August   ,3,2022-08,2022-3,1509
2023-02-08,2023,1,2,8,3,39,6,February ,1,2023-02,2023-1,1510
2021-07-04,2021,3,7,4,0,185,26,July     ,3,2021-07,2021-3,1511
2022-06-13,2022,2,6,13,1,164,24,June     ,2,2022-06,2022-2,1512
2022-02-13,2022,1,2,13,0,44,6,February ,1,2022-02,2022-1,1513
2021-04-14,2021,2,4,14,3,104,15,April    ,2,2021-04,2021-2,1514
2021-11-27,2021,4,11,27,6,331,47,November ,4,2021-11,2021-4,1515
2021-09-29,2021,3,9,29,3,272,39,September,3,2021-09,2021-3,1516
2023-04-17,2023,2,4,17,1,107,16,April    ,2,2023-04,2023-2,1517
2023-04-22,2023,2,4,22,6,112,16,April    ,2,2023-04,2023-2,1518
2023-01-10,2023,1,1,10,2,10,2,January  ,1,2023-01,2023-1,1519
2022-03-04,2022,1,3,4,5,63,9,March    ,1,2022-03,2022-1,1520
2020-09-06,2020,3,9,6,0,250,36,September,3,2020-09,2020-3,1521
2021-08-27,2021,3,8,27,5,239,34,August   ,3,2021-08,2021-3,1522
2023-01-22,2023,1,1,22,0,22,3,January  ,1,2023-01,2023-1,1523
2020-11-27,2020,4,11,27,5,332,48,November ,4,2020-11,2020-4,1524
2021-03-29,2021,1,3,29,1,88,13,March    ,1,2021-03,2021-1,1525
2023-04-21,2023,2,4,21,5,111,16,April    ,2,2023-04,2023-2,1526
2022-09-21,2022,3,9,21,3,264,38,September,3,2022-09,2022-3,1527
2021-01-08,2021,1,1,8,5,8,1,January  ,1,2021-01,2021-1,1528
2021-11-01,2021,4,11,1,1,305,44,November ,4,2021-11,2021-4,1529
2020-10-30,2020,4,10,30,5,304,44,October  ,4,2020-10,2020-4,1530
2021-01-06,2021,1,1,6,3,6,1,January  ,1,2021-01,2021-1,1531
2022-10-04,2022,4,10,4,2,277,40,October  ,4,2022-10,2022-4,1532
2022-05-22,2022,2,5,22,0,142,20,May      ,2,2022-05,2022-2,1533
2021-12-10,2021,4,12,10,5,344,49,December ,4,2021-12,2021-4,1534
2022-09-02,2022,3,9,2,5,245,35,September,3,2022-09,2022-3,1535
2022-06-29,2022,2,6,29,3,180,26,June     ,2,2022-06,2022-2,1536
2021-02-11,2021,1,2,11,4,42,6,February ,1,2021-02,2021-1,1537
2022-08-29,2022,3,8,29,1,241,35,August   ,3,2022-08,2022-3,1538
2020-08-31,2020,3,8,31,1,244,36,August   ,3,2020-08,2020-3,1539
2020-10-04,2020,4,10,4,0,278,40,October  ,4,2020-10,2020-4,1540
2021-06-06,2021,2,6,6,0,157,22,June     ,2,2021-06,2021-2,1541
2022-08-07,2022,3,8,7,0,219,31,August   ,3,2022-08,2022-3,1542
2020-10-15,2020,4,10,15,4,289,42,October  ,4,2020-10,2020-4,1543
2020-11-09,2020,4,11,9,1,314,46,November ,4,2020-11,2020-4,1544
2022-01-25,2022,1,1,25,2,25,4,January  ,1,2022-01,2022-1,1545
2023-04-14,2023,2,4,14,5,104,15,April    ,2,2023-04,2023-2,1546
2023-01-16,2023,1,1,16,1,16,3,January  ,1,2023-01,2023-1,1547
2022-11-16,2022,4,11,16,3,320,46,November ,4,2022-11,2022-4,1548
2020-08-13,2020,3,8,13,4,226,33,August   ,3,2020-08,2020-3,1549
2020-12-25,2020,4,12,25,5,360,52,December ,4,2020-12,2020-4,1550
2022-01-09,2022,1,1,9,0,9,1,January  ,1,2022-01,2022-1,1551
2021-06-14,2021,2,6,14,1,165,24,June     ,2,2021-06,2021-2,1552
2023-01-07,2023,1,1,7,6,7,1,January  ,1,2023-01,2023-1,1553
2023-03-28,2023,1,3,28,2,87,13,March    ,1,2023-03,2023-1,1554
2020-11-17,2020,4,11,17,2,322,47,November ,4,2020-11,2020-4,1555
2022-09-12,2022,3,9,12,1,255,37,September,3,2022-09,2022-3,1556
2020-10-29,2020,4,10,29,4,303,44,October  ,4,2020-10,2020-4,1557
2022-02-07,2022,1,2,7,1,38,6,February ,1,2022-02,2022-1,1558
2020-11-30,2020,4,11,30,1,335,49,November ,4,2020-11,2020-4,1559
2021-11-07,2021,4,11,7,0,311,44,November ,4,2021-11,2021-4,1560
2022-11-30,2022,4,11,30,3,334,48,November ,4,2022-11,2022-4,1561
2022-06-26,2022,2,6,26,0,177,25,June     ,2,2022-06,2022-2,1562
2021-09-10,2021,3,9,10,5,253,36,September,3,2021-09,2021-3,1563
2022-04-14,2022,2,4,14,4,104,15,April    ,2,2022-04,2022-2,1564
2023-01-05,2023,1,1,5,4,5,1,January  ,1,2023-01,2023-1,1565
2021-09-02,2021,3,9,2,4,245,35,September,3,2021-09,2021-3,1566
2021-06-27,2021,2,6,27,0,178,25,June     ,2,2021-06,2021-2,1567
2021-03-05,2021,1,3,5,5,64,9,March    ,1,2021-03,2021-1,1568
2023-04-30,2023,2,4,30,0,120,17,April    ,2,2023-04,2023-2,1569
2022-05-06,2022,2,5,6,5,126,18,May      ,2,2022-05,2022-2,1570
2021-05-13,2021,2,5,13,4,133,19,May      ,2,2021-05,2021-2,1571
2022-06-13,2022,2,6,13,1,164,24,June     ,2,2022-06,2022-2,1572
2023-04-30,2023,2,4,30,0,120,17,April    ,2,2023-04,2023-2,1573
2022-01-23,2022,1,1,23,0,23,3,January  ,1,2022-01,2022-1,1574
2021-03-27,2021,1,3,27,6,86,12,March    ,1,2021-03,2021-1,1575
2021-04-23,2021,2,4,23,5,113,16,April    ,2,2021-04,2021-2,1576
2021-04-21,2021,2,4,21,3,111,16,April    ,2,2021-04,2021-2,1577
2023-03-07,2023,1,3,7,2,66,10,March    ,1,2023-03,2023-1,1578
2023-03-16,2023,1,3,16,4,75,11,March    ,1,2023-03,2023-1,1579
2022-02-07,2022,1,2,7,1,38,6,February ,1,2022-02,2022-1,1580
2021-08-05,2021,3,8,5,4,217,31,August   ,3,2021-08,2021-3,1581
2023-04-19,2023,2,4,19,3,109,16,April    ,2,2023-04,2023-2,1582
2022-03-24,2022,1,3,24,4,83,12,March    ,1,2022-03,2022-1,1583
2023-01-03,2023,1,1,3,2,3,1,January  ,1,2023-01,2023-1,1584
2021-11-12,2021,4,11,12,5,316,45,November ,4,2021-11,2021-4,1585
2022-07-15,2022,3,7,15,5,196,28,July     ,3,2022-07,2022-3,1586
2020-12-23,2020,4,12,23,3,358,52,December ,4,2020-12,2020-4,1587
2022-10-05,2022,4,10,5,3,278,40,October  ,4,2022-10,2022-4,1588
2021-10-31,2021,4,10,31,0,304,43,October  ,4,2021-10,2021-4,1589
2022-02-01,2022,1,2,1,2,32,5,February ,1,2022-02,2022-1,1590
2021-10-29,2021,4,10,29,5,302,43,October  ,4,2021-10,2021-4,1591
2021-02-26,2021,1,2,26,5,57,8,February ,1,2021-02,2021-1,1592
2021-11-11,2021,4,11,11,4,315,45,November ,4,2021-11,2021-4,1593
2022-07-06,2022,3,7,6,3,187,27,July     ,3,2022-07,2022-3,1594
2022-08-10,2022,3,8,10,3,222,32,August   ,3,2022-08,2022-3,1595
2020-10-29,2020,4,10,29,4,303,44,October  ,4,2020-10,2020-4,1596
2022-02-16,2022,1,2,16,3,47,7,February ,1,2022-02,2022-1,1597
2021-01-05,2021,1,1,5,2,5,1,January  ,1,2021-01,2021-1,1598
2023-04-20,2023,2,4,20,4,110,16,April    ,2,2023-04,2023-2,1599
2022-08-04,2022,3,8,4,4,216,31,August   ,3,2022-08,2022-3,1600
2020-11-16,2020,4,11,16,1,321,47,November ,4,2020-11,2020-4,1601
2020-11-23,2020,4,11,23,1,328,48,November ,4,2020-11,2020-4,1602
2021-11-05,2021,4,11,5,5,309,44,November ,4,2021-11,2021-4,1603
2020-10-22,2020,4,10,22,4,296,43,October  ,4,2020-10,2020-4,1604
2022-04-23,2022,2,4,23,6,113,16,April    ,2,2022-04,2022-2,1605
2021-11-17,2021,4,11,17,3,321,46,November ,4,2021-11,2021-4,1606
2020-08-10,2020,3,8,10,1,223,33,August   ,3,2020-08,2020-3,1607
2022-05-06,2022,2,5,6,5,126,18,May      ,2,2022-05,2022-2,1608
2021-10-19,2021,4,10,19,2,292,42,October  ,4,2021-10,2021-4,1609
2021-08-26,2021,3,8,26,4,238,34,August   ,3,2021-08,2021-3,1610
2021-11-08,2021,4,11,8,1,312,45,November ,4,2021-11,2021-4,1611
2022-06-07,2022,2,6,7,2,158,23,June     ,2,2022-06,2022-2,1612
2023-02-25,2023,1,2,25,6,56,8,February ,1,2023-02,2023-1,1613
2020-11-22,2020,4,11,22,0,327,47,November ,4,2020-11,2020-4,1614
2023-05-02,2023,2,5,2,2,122,18,May      ,2,2023-05,2023-2,1615
2021-04-01,2021,2,4,1,4,91,13,April    ,2,2021-04,2021-2,1616
2020-08-21,2020,3,8,21,5,234,34,August   ,3,2020-08,2020-3,1617
2022-12-21,2022,4,12,21,3,355,51,December ,4,2022-12,2022-4,1618
2022-08-16,2022,3,8,16,2,228,33,August   ,3,2022-08,2022-3,1619
2021-09-27,2021,3,9,27,1,270,39,September,3,2021-09,2021-3,1620
2020-12-23,2020,4,12,23,3,358,52,December ,4,2020-12,2020-4,1621
2022-06-16,2022,2,6,16,4,167,24,June     ,2,2022-06,2022-2,1622
2022-08-30,2022,3,8,30,2,242,35,August   ,3,2022-08,2022-3,1623
2021-11-04,2021,4,11,4,4,308,44,November ,4,2021-11,2021-4,1624
2020-08-13,2020,3,8,13,4,226,33,August   ,3,2020-08,2020-3,1625
2022-04-27,2022,2,4,27,3,117,17,April    ,2,2022-04,2022-2,1626
2021-12-10,2021,4,12,10,5,344,49,December ,4,2021-12,2021-4,1627
2023-04-06,2023,2,4,6,4,96,14,April    ,2,2023-04,2023-2,1628
2023-02-28,2023,1,2,28,2,59,9,February ,1,2023-02,2023-1,1629
2022-09-03,2022,3,9,3,6,246,35,September,3,2022-09,2022-3,1630
2021-10-30,2021,4,10,30,6,303,43,October  ,4,2021-10,2021-4,1631
2021-04-11,2021,2,4,11,0,101,14,April    ,2,2021-04,2021-2,1632
2021-01-11,2021,1,1,11,1,11,2,January  ,1,2021-01,2021-1,1633
2021-12-23,2021,4,12,23,4,357,51,December ,4,2021-12,2021-4,1634
2022-12-16,2022,4,12,16,5,350,50,December ,4,2022-12,2022-4,1635
2022-12-24,2022,4,12,24,6,358,51,December ,4,2022-12,2022-4,1636
2022-07-13,2022,3,7,13,3,194,28,July     ,3,2022-07,2022-3,1637
2021-05-07,2021,2,5,7,5,127,18,May      ,2,2021-05,2021-2,1638
2020-11-23,2020,4,11,23,1,328,48,November ,4,2020-11,2020-4,1639
2022-05-18,2022,2,5,18,3,138,20,May      ,2,2022-05,2022-2,1640
2022-09-24,2022,3,9,24,6,267,38,September,3,2022-09,2022-3,1641
2021-10-15,2021,4,10,15,5,288,41,October  ,4,2021-10,2021-4,1642
2021-10-11,2021,4,10,11,1,284,41,October  ,4,2021-10,2021-4,1643
2022-09-03,2022,3,9,3,6,246,35,September,3,2022-09,2022-3,1644
2022-03-13,2022,1,3,13,0,72,10,March    ,1,2022-03,2022-1,1645
2023-01-16,2023,1,1,16,1,16,3,January  ,1,2023-01,2023-1,1646
2022-11-12,2022,4,11,12,6,316,45,November ,4,2022-11,2022-4,1647
2020-11-22,2020,4,11,22,0,327,47,November ,4,2020-11,2020-4,1648
2021-01-14,2021,1,1,14,4,14,2,January  ,1,2021-01,2021-1,1649
2023-04-22,2023,2,4,22,6,112,16,April    ,2,2023-04,2023-2,1650
2021-07-15,2021,3,7,15,4,196,28,July     ,3,2021-07,2021-3,1651
2022-06-21,2022,2,6,21,2,172,25,June     ,2,2022-06,2022-2,1652
2021-09-08,2021,3,9,8,3,251,36,September,3,2021-09,2021-3,1653
2021-12-13,2021,4,12,13,1,347,50,December ,4,2021-12,2021-4,1654
2022-02-14,2022,1,2,14,1,45,7,February ,1,2022-02,2022-1,1655
2022-04-11,2022,2,4,11,1,101,15,April    ,2,2022-04,2022-2,1656
2022-03-25,2022,1,3,25,5,84,12,March    ,1,2022-03,2022-1,1657
2021-01-12,2021,1,1,12,2,12,2,January  ,1,2021-01,2021-1,1658
2020-12-13,2020,4,12,13,0,348,50,December ,4,2020-12,2020-4,1659
2022-04-08,2022,2,4,8,5,98,14,April    ,2,2022-04,2022-2,1660
2022-12-30,2022,4,12,30,5,364,52,December ,4,2022-12,2022-4,1661
2021-12-14,2021,4,12,14,2,348,50,December ,4,2021-12,2021-4,1662
2023-04-29,2023,2,4,29,6,119,17,April    ,2,2023-04,2023-2,1663
2022-02-14,2022,1,2,14,1,45,7,February ,1,2022-02,2022-1,1664
2022-06-21,2022,2,6,21,2,172,25,June     ,2,2022-06,2022-2,1665
2022-10-08,2022,4,10,8,6,281,40,October  ,4,2022-10,2022-4,1666
2021-10-06,2021,4,10,6,3,279,40,October  ,4,2021-10,2021-4,1667
2021-11-13,2021,4,11,13,6,317,45,November ,4,2021-11,2021-4,1668
2022-06-04,2022,2,6,4,6,155,22,June     ,2,2022-06,2022-2,1669
2022-09-02,2022,3,9,2,5,245,35,September,3,2022-09,2022-3,1670
2022-12-08,2022,4,12,8,4,342,49,December ,4,2022-12,2022-4,1671
2021-11-17,2021,4,11,17,3,321,46,November ,4,2021-11,2021-4,1672
2021-04-11,2021,2,4,11,0,101,14,April    ,2,2021-04,2021-2,1673
2021-08-01,2021,3,8,1,0,213,30,August   ,3,2021-08,2021-3,1674
2021-11-27,2021,4,11,27,6,331,47,November ,4,2021-11,2021-4,1675
2022-04-04,2022,2,4,4,1,94,14,April    ,2,2022-04,2022-2,1676
2022-08-21,2022,3,8,21,0,233,33,August   ,3,2022-08,2022-3,1677
2022-07-16,2022,3,7,16,6,197,28,July     ,3,2022-07,2022-3,1678
2021-03-09,2021,1,3,9,2,68,10,March    ,1,2021-03,2021-1,1679
2022-05-17,2022,2,5,17,2,137,20,May      ,2,2022-05,2022-2,1680
2021-03-18,2021,1,3,18,4,77,11,March    ,1,2021-03,2021-1,1681
2021-03-14,2021,1,3,14,0,73,10,March    ,1,2021-03,2021-1,1682
2021-08-28,2021,3,8,28,6,240,34,August   ,3,2021-08,2021-3,1683
2022-08-02,2022,3,8,2,2,214,31,August   ,3,2022-08,2022-3,1684
2021-07-06,2021,3,7,6,2,187,27,July     ,3,2021-07,2021-3,1685
2022-06-07,2022,2,6,7,2,158,23,June     ,2,2022-06,2022-2,1686
2023-01-06,2023,1,1,6,5,6,1,January  ,1,2023-01,2023-1,1687
2022-12-19,2022,4,12,19,1,353,51,December ,4,2022-12,2022-4,1688
2021-02-25,2021,1,2,25,4,56,8,February ,1,2021-02,2021-1,1689
2022-12-03,2022,4,12,3,6,337,48,December ,4,2022-12,2022-4,1690
2022-07-20,2022,3,7,20,3,201,29,July     ,3,2022-07,2022-3,1691
2021-04-16,2021,2,4,16,5,106,15,April    ,2,2021-04,2021-2,1692
2022-06-15,2022,2,6,15,3,166,24,June     ,2,2022-06,2022-2,1693
2022-04-11,2022,2,4,11,1,101,15,April    ,2,2022-04,2022-2,1694
2021-12-10,2021,4,12,10,5,344,49,December ,4,2021-12,2021-4,1695
2021-04-02,2021,2,4,2,5,92,13,April    ,2,2021-04,2021-2,1696
2022-12-03,2022,4,12,3,6,337,48,December ,4,2022-12,2022-4,1697
2021-03-08,2021,1,3,8,1,67,10,March    ,1,2021-03,2021-1,1698
2023-01-20,2023,1,1,20,5,20,3,January  ,1,2023-01,2023-1,1699
2023-01-06,2023,1,1,6,5,6,1,January  ,1,2023-01,2023-1,1700
2021-04-21,2021,2,4,21,3,111,16,April    ,2,2021-04,2021-2,1701
2022-11-18,2022,4,11,18,5,322,46,November ,4,2022-11,2022-4,1702
2022-09-10,2022,3,9,10,6,253,36,September,3,2022-09,2022-3,1703
2022-04-17,2022,2,4,17,0,107,15,April    ,2,2022-04,2022-2,1704
2022-04-19,2022,2,4,19,2,109,16,April    ,2,2022-04,2022-2,1705
2021-02-05,2021,1,2,5,5,36,5,February ,1,2021-02,2021-1,1706
2021-11-24,2021,4,11,24,3,328,47,November ,4,2021-11,2021-4,1707
2022-11-01,2022,4,11,1,2,305,44,November ,4,2022-11,2022-4,1708
2022-11-09,2022,4,11,9,3,313,45,November ,4,2022-11,2022-4,1709
2023-02-08,2023,1,2,8,3,39,6,February ,1,2023-02,2023-1,1710
2021-07-03,2021,3,7,3,6,184,26,July     ,3,2021-07,2021-3,1711
2020-10-07,2020,4,10,7,3,281,41,October  ,4,2020-10,2020-4,1712
2022-09-08,2022,3,9,8,4,251,36,September,3,2022-09,2022-3,1713
2021-12-08,2021,4,12,8,3,342,49,December ,4,2021-12,2021-4,1714
2022-12-23,2022,4,12,23,5,357,51,December ,4,2022-12,2022-4,1715
2022-07-01,2022,3,7,1,5,182,26,July     ,3,2022-07,2022-3,1716
2022-01-22,2022,1,1,22,6,22,3,January  ,1,2022-01,2022-1,1717
2021-07-29,2021,3,7,29,4,210,30,July     ,3,2021-07,2021-3,1718
2021-06-04,2021,2,6,4,5,155,22,June     ,2,2021-06,2021-2,1719
2022-02-23,2022,1,2,23,3,54,8,February ,1,2022-02,2022-1,1720
2022-01-09,2022,1,1,9,0,9,1,January  ,1,2022-01,2022-1,1721
2023-03-16,2023,1,3,16,4,75,11,March    ,1,2023-03,2023-1,1722
2022-01-22,2022,1,1,22,6,22,3,January  ,1,2022-01,2022-1,1723
2021-10-14,2021,4,10,14,4,287,41,October  ,4,2021-10,2021-4,1724
2021-01-04,2021,1,1,4,1,4,1,January  ,1,2021-01,2021-1,1725
2020-08-11,2020,3,8,11,2,224,33,August   ,3,2020-08,2020-3,1726
2022-01-17,2022,1,1,17,1,17,3,January  ,1,2022-01,2022-1,1727
2021-04-09,2021,2,4,9,5,99,14,April    ,2,2021-04,2021-2,1728
2021-07-09,2021,3,7,9,5,190,27,July     ,3,2021-07,2021-3,1729
2022-07-28,2022,3,7,28,4,209,30,July     ,3,2022-07,2022-3,1730
2022-11-21,2022,4,11,21,1,325,47,November ,4,2022-11,2022-4,1731
2022-06-20,2022,2,6,20,1,171,25,June     ,2,2022-06,2022-2,1732
2022-03-24,2022,1,3,24,4,83,12,March    ,1,2022-03,2022-1,1733
2023-01-16,2023,1,1,16,1,16,3,January  ,1,2023-01,2023-1,1734
2020-09-05,2020,3,9,5,6,249,36,September,3,2020-09,2020-3,1735
2021-06-24,2021,2,6,24,4,175,25,June     ,2,2021-06,2021-2,1736
2021-04-26,2021,2,4,26,1,116,17,April    ,2,2021-04,2021-2,1737
2021-12-01,2021,4,12,1,3,335,48,December ,4,2021-12,2021-4,1738
2022-10-12,2022,4,10,12,3,285,41,October  ,4,2022-10,2022-4,1739
2023-02-25,2023,1,2,25,6,56,8,February ,1,2023-02,2023-1,1740
2022-08-21,2022,3,8,21,0,233,33,August   ,3,2022-08,2022-3,1741
2022-01-26,2022,1,1,26,3,26,4,January  ,1,2022-01,2022-1,1742
2021-12-07,2021,4,12,7,2,341,49,December ,4,2021-12,2021-4,1743
2020-09-13,2020,3,9,13,0,257,37,September,3,2020-09,2020-3,1744
2022-05-20,2022,2,5,20,5,140,20,May      ,2,2022-05,2022-2,1745
2022-05-24,2022,2,5,24,2,144,21,May      ,2,2022-05,2022-2,1746
2021-10-05,2021,4,10,5,2,278,40,October  ,4,2021-10,2021-4,1747
2021-03-15,2021,1,3,15,1,74,11,March    ,1,2021-03,2021-1,1748
2020-12-05,2020,4,12,5,6,340,49,December ,4,2020-12,2020-4,1749
2022-02-21,2022,1,2,21,1,52,8,February ,1,2022-02,2022-1,1750
2022-04-06,2022,2,4,6,3,96,14,April    ,2,2022-04,2022-2,1751
2022-03-05,2022,1,3,5,6,64,9,March    ,1,2022-03,2022-1,1752
2021-10-22,2021,4,10,22,5,295,42,October  ,4,2021-10,2021-4,1753
2021-08-16,2021,3,8,16,1,228,33,August   ,3,2021-08,2021-3,1754
2022-07-13,2022,3,7,13,3,194,28,July     ,3,2022-07,2022-3,1755
2021-03-07,2021,1,3,7,0,66,9,March    ,1,2021-03,2021-1,1756
2021-06-19,2021,2,6,19,6,170,24,June     ,2,2021-06,2021-2,1757
2021-12-08,2021,4,12,8,3,342,49,December ,4,2021-12,2021-4,1758
2021-03-30,2021,1,3,30,2,89,13,March    ,1,2021-03,2021-1,1759
2023-02-09,2023,1,2,9,4,40,6,February ,1,2023-02,2023-1,1760
2021-10-01,2021,4,10,1,5,274,39,October  ,4,2021-10,2021-4,1761
2022-02-06,2022,1,2,6,0,37,5,February ,1,2022-02,2022-1,1762
2020-10-01,2020,4,10,1,4,275,40,October  ,4,2020-10,2020-4,1763
2022-08-11,2022,3,8,11,4,223,32,August   ,3,2022-08,2022-3,1764
2021-11-04,2021,4,11,4,4,308,44,November ,4,2021-11,2021-4,1765
2023-03-30,2023,1,3,30,4,89,13,March    ,1,2023-03,2023-1,1766
2023-01-16,2023,1,1,16,1,16,3,January  ,1,2023-01,2023-1,1767
2022-07-01,2022,3,7,1,5,182,26,July     ,3,2022-07,2022-3,1768
2021-02-10,2021,1,2,10,3,41,6,February ,1,2021-02,2021-1,1769
2022-10-06,2022,4,10,6,4,279,40,October  ,4,2022-10,2022-4,1770
2021-08-15,2021,3,8,15,0,227,32,August   ,3,2021-08,2021-3,1771
2021-11-14,2021,4,11,14,0,318,45,November ,4,2021-11,2021-4,1772
2022-12-07,2022,4,12,7,3,341,49,December ,4,2022-12,2022-4,1773
2021-04-21,2021,2,4,21,3,111,16,April    ,2,2021-04,2021-2,1774
2021-10-03,2021,4,10,3,0,276,39,October  ,4,2021-10,2021-4,1775
2021-11-14,2021,4,11,14,0,318,45,November ,4,2021-11,2021-4,1776
2020-11-09,2020,4,11,9,1,314,46,November ,4,2020-11,2020-4,1777
2021-03-13,2021,1,3,13,6,72,10,March    ,1,2021-03,2021-1,1778
2022-02-05,2022,1,2,5,6,36,5,February ,1,2022-02,2022-1,1779
2023-02-05,2023,1,2,5,0,36,5,February ,1,2023-02,2023-1,1780
2021-11-04,2021,4,11,4,4,308,44,November ,4,2021-11,2021-4,1781
2021-01-03,2021,1,1,3,0,3,53,January  ,1,2021-01,2021-1,1782
2020-08-20,2020,3,8,20,4,233,34,August   ,3,2020-08,2020-3,1783
2021-07-24,2021,3,7,24,6,205,29,July     ,3,2021-07,2021-3,1784
2021-12-12,2021,4,12,12,0,346,49,December ,4,2021-12,2021-4,1785
2022-04-23,2022,2,4,23,6,113,16,April    ,2,2022-04,2022-2,1786
2022-06-11,2022,2,6,11,6,162,23,June     ,2,2022-06,2022-2,1787
2023-01-06,2023,1,1,6,5,6,1,January  ,1,2023-01,2023-1,1788
2021-12-16,2021,4,12,16,4,350,50,December ,4,2021-12,2021-4,1789
2023-04-09,2023,2,4,9,0,99,14,April    ,2,2023-04,2023-2,1790
2020-11-14,2020,4,11,14,6,319,46,November ,4,2020-11,2020-4,1791
2022-02-20,2022,1,2,20,0,51,7,February ,1,2022-02,2022-1,1792
2020-11-24,2020,4,11,24,2,329,48,November ,4,2020-11,2020-4,1793
2022-02-16,2022,1,2,16,3,47,7,February ,1,2022-02,2022-1,1794
2022-05-30,2022,2,5,30,1,150,22,May      ,2,2022-05,2022-2,1795
2022-01-24,2022,1,1,24,1,24,4,January  ,1,2022-01,2022-1,1796
2022-08-30,2022,3,8,30,2,242,35,August   ,3,2022-08,2022-3,1797
2022-10-17,2022,4,10,17,1,290,42,October  ,4,2022-10,2022-4,1798
2021-06-09,2021,2,6,9,3,160,23,June     ,2,2021-06,2021-2,1799
2022-08-07,2022,3,8,7,0,219,31,August   ,3,2022-08,2022-3,1800
2022-01-10,2022,1,1,10,1,10,2,January  ,1,2022-01,2022-1,1801
2022-07-17,2022,3,7,17,0,198,28,July     ,3,2022-07,2022-3,1802
2023-02-11,2023,1,2,11,6,42,6,February ,1,2023-02,2023-1,1803
2020-10-28,2020,4,10,28,3,302,44,October  ,4,2020-10,2020-4,1804
2020-10-30,2020,4,10,30,5,304,44,October  ,4,2020-10,2020-4,1805
2023-03-16,2023,1,3,16,4,75,11,March    ,1,2023-03,2023-1,1806
2023-02-04,2023,1,2,4,6,35,5,February ,1,2023-02,2023-1,1807
2022-11-07,2022,4,11,7,1,311,45,November ,4,2022-11,2022-4,1808
2021-03-10,2021,1,3,10,3,69,10,March    ,1,2021-03,2021-1,1809
2021-04-28,2021,2,4,28,3,118,17,April    ,2,2021-04,2021-2,1810
2020-11-14,2020,4,11,14,6,319,46,November ,4,2020-11,2020-4,1811
2021-02-10,2021,1,2,10,3,41,6,February ,1,2021-02,2021-1,1812
2022-04-08,2022,2,4,8,5,98,14,April    ,2,2022-04,2022-2,1813
2021-08-26,2021,3,8,26,4,238,34,August   ,3,2021-08,2021-3,1814
2022-05-23,2022,2,5,23,1,143,21,May      ,2,2022-05,2022-2,1815
2021-02-01,2021,1,2,1,1,32,5,February ,1,2021-02,2021-1,1816
2021-07-09,2021,3,7,9,5,190,27,July     ,3,2021-07,2021-3,1817
2021-01-18,2021,1,1,18,1,18,3,January  ,1,2021-01,2021-1,1818
2021-06-19,2021,2,6,19,6,170,24,June     ,2,2021-06,2021-2,1819
2021-04-01,2021,2,4,1,4,91,13,April    ,2,2021-04,2021-2,1820
2023-03-18,2023,1,3,18,6,77,11,March    ,1,2023-03,2023-1,1821
2022-12-30,2022,4,12,30,5,364,52,December ,4,2022-12,2022-4,1822
2021-08-13,2021,3,8,13,5,225,32,August   ,3,2021-08,2021-3,1823
2020-09-22,2020,3,9,22,2,266,39,September,3,2020-09,2020-3,1824
2021-12-24,2021,4,12,24,5,358,51,December ,4,2021-12,2021-4,1825
2023-02-20,2023,1,2,20,1,51,8,February ,1,2023-02,2023-1,1826
2020-09-10,2020,3,9,10,4,254,37,September,3,2020-09,2020-3,1827
2023-05-03,2023,2,5,3,3,123,18,May      ,2,2023-05,2023-2,1828
2022-02-27,2022,1,2,27,0,58,8,February ,1,2022-02,2022-1,1829
2021-08-31,2021,3,8,31,2,243,35,August   ,3,2021-08,2021-3,1830
2022-08-06,2022,3,8,6,6,218,31,August   ,3,2022-08,2022-3,1831
2023-03-26,2023,1,3,26,0,85,12,March    ,1,2023-03,2023-1,1832
2021-08-11,2021,3,8,11,3,223,32,August   ,3,2021-08,2021-3,1833
2021-12-17,2021,4,12,17,5,351,50,December ,4,2021-12,2021-4,1834
2022-01-21,2022,1,1,21,5,21,3,January  ,1,2022-01,2022-1,1835
2020-10-11,2020,4,10,11,0,285,41,October  ,4,2020-10,2020-4,1836
2022-10-26,2022,4,10,26,3,299,43,October  ,4,2022-10,2022-4,1837
2022-10-16,2022,4,10,16,0,289,41,October  ,4,2022-10,2022-4,1838
2020-12-02,2020,4,12,2,3,337,49,December ,4,2020-12,2020-4,1839
2021-09-13,2021,3,9,13,1,256,37,September,3,2021-09,2021-3,1840
2022-01-23,2022,1,1,23,0,23,3,January  ,1,2022-01,2022-1,1841
2022-12-12,2022,4,12,12,1,346,50,December ,4,2022-12,2022-4,1842
2022-03-14,2022,1,3,14,1,73,11,March    ,1,2022-03,2022-1,1843
2022-02-20,2022,1,2,20,0,51,7,February ,1,2022-02,2022-1,1844
2022-02-12,2022,1,2,12,6,43,6,February ,1,2022-02,2022-1,1845
2021-11-21,2021,4,11,21,0,325,46,November ,4,2021-11,2021-4,1846
2021-07-31,2021,3,7,31,6,212,30,July     ,3,2021-07,2021-3,1847
2021-10-17,2021,4,10,17,0,290,41,October  ,4,2021-10,2021-4,1848
2022-03-20,2022,1,3,20,0,79,11,March    ,1,2022-03,2022-1,1849
2021-10-19,2021,4,10,19,2,292,42,October  ,4,2021-10,2021-4,1850
2023-02-09,2023,1,2,9,4,40,6,February ,1,2023-02,2023-1,1851
2021-05-25,2021,2,5,25,2,145,21,May      ,2,2021-05,2021-2,1852
2021-04-28,2021,2,4,28,3,118,17,April    ,2,2021-04,2021-2,1853
2022-04-20,2022,2,4,20,3,110,16,April    ,2,2022-04,2022-2,1854
2022-04-06,2022,2,4,6,3,96,14,April    ,2,2022-04,2022-2,1855
2021-12-02,2021,4,12,2,4,336,48,December ,4,2021-12,2021-4,1856
2022-11-03,2022,4,11,3,4,307,44,November ,4,2022-11,2022-4,1857
2022-05-12,2022,2,5,12,4,132,19,May      ,2,2022-05,2022-2,1858
2022-05-14,2022,2,5,14,6,134,19,May      ,2,2022-05,2022-2,1859
2022-08-16,2022,3,8,16,2,228,33,August   ,3,2022-08,2022-3,1860
2021-07-31,2021,3,7,31,6,212,30,July     ,3,2021-07,2021-3,1861
2022-02-03,2022,1,2,3,4,34,5,February ,1,2022-02,2022-1,1862
2020-12-11,2020,4,12,11,5,346,50,December ,4,2020-12,2020-4,1863
2021-11-26,2021,4,11,26,5,330,47,November ,4,2021-11,2021-4,1864
2021-03-19,2021,1,3,19,5,78,11,March    ,1,2021-03,2021-1,1865
2021-02-07,2021,1,2,7,0,38,5,February ,1,2021-02,2021-1,1866
2021-02-17,2021,1,2,17,3,48,7,February ,1,2021-02,2021-1,1867
2020-11-14,2020,4,11,14,6,319,46,November ,4,2020-11,2020-4,1868
2020-09-06,2020,3,9,6,0,250,36,September,3,2020-09,2020-3,1869
2021-06-18,2021,2,6,18,5,169,24,June     ,2,2021-06,2021-2,1870
2021-07-17,2021,3,7,17,6,198,28,July     ,3,2021-07,2021-3,1871
2021-02-28,2021,1,2,28,0,59,8,February ,1,2021-02,2021-1,1872
2020-12-23,2020,4,12,23,3,358,52,December ,4,2020-12,2020-4,1873
2022-10-28,2022,4,10,28,5,301,43,October  ,4,2022-10,2022-4,1874
2020-10-13,2020,4,10,13,2,287,42,October  ,4,2020-10,2020-4,1875
2022-06-30,2022,2,6,30,4,181,26,June     ,2,2022-06,2022-2,1876
2023-02-17,2023,1,2,17,5,48,7,February ,1,2023-02,2023-1,1877
2022-12-24,2022,4,12,24,6,358,51,December ,4,2022-12,2022-4,1878
2021-11-29,2021,4,11,29,1,333,48,November ,4,2021-11,2021-4,1879
2021-03-30,2021,1,3,30,2,89,13,March    ,1,2021-03,2021-1,1880
2021-09-11,2021,3,9,11,6,254,36,September,3,2021-09,2021-3,1881
2023-01-17,2023,1,1,17,2,17,3,January  ,1,2023-01,2023-1,1882
2020-10-02,2020,4,10,2,5,276,40,October  ,4,2020-10,2020-4,1883
2021-10-25,2021,4,10,25,1,298,43,October  ,4,2021-10,2021-4,1884
2022-05-12,2022,2,5,12,4,132,19,May      ,2,2022-05,2022-2,1885
2022-06-25,2022,2,6,25,6,176,25,June     ,2,2022-06,2022-2,1886
2022-07-12,2022,3,7,12,2,193,28,July     ,3,2022-07,2022-3,1887
2023-04-06,2023,2,4,6,4,96,14,April    ,2,2023-04,2023-2,1888
2021-11-28,2021,4,11,28,0,332,47,November ,4,2021-11,2021-4,1889
2020-09-23,2020,3,9,23,3,267,39,September,3,2020-09,2020-3,1890
2022-02-14,2022,1,2,14,1,45,7,February ,1,2022-02,2022-1,1891
2022-02-19,2022,1,2,19,6,50,7,February ,1,2022-02,2022-1,1892
2022-05-11,2022,2,5,11,3,131,19,May      ,2,2022-05,2022-2,1893
2021-08-23,2021,3,8,23,1,235,34,August   ,3,2021-08,2021-3,1894
2021-07-05,2021,3,7,5,1,186,27,July     ,3,2021-07,2021-3,1895
2021-07-23,2021,3,7,23,5,204,29,July     ,3,2021-07,2021-3,1896
2020-10-02,2020,4,10,2,5,276,40,October  ,4,2020-10,2020-4,1897
2022-04-17,2022,2,4,17,0,107,15,April    ,2,2022-04,2022-2,1898
2021-10-30,2021,4,10,30,6,303,43,October  ,4,2021-10,2021-4,1899
2023-02-27,2023,1,2,27,1,58,9,February ,1,2023-02,2023-1,1900
2022-04-05,2022,2,4,5,2,95,14,April    ,2,2022-04,2022-2,1901
2022-11-26,2022,4,11,26,6,330,47,November ,4,2022-11,2022-4,1902
2022-12-01,2022,4,12,1,4,335,48,December ,4,2022-12,2022-4,1903
2023-03-07,2023,1,3,7,2,66,10,March    ,1,2023-03,2023-1,1904
2021-11-07,2021,4,11,7,0,311,44,November ,4,2021-11,2021-4,1905
2022-11-06,2022,4,11,6,0,310,44,November ,4,2022-11,2022-4,1906
2020-12-31,2020,4,12,31,4,366,53,December ,4,2020-12,2020-4,1907
2023-04-21,2023,2,4,21,5,111,16,April    ,2,2023-04,2023-2,1908
2020-10-04,2020,4,10,4,0,278,40,October  ,4,2020-10,2020-4,1909
2023-02-26,2023,1,2,26,0,57,8,February ,1,2023-02,2023-1,1910
2022-09-26,2022,3,9,26,1,269,39,September,3,2022-09,2022-3,1911
2022-07-06,2022,3,7,6,3,187,27,July     ,3,2022-07,2022-3,1912
2022-04-17,2022,2,4,17,0,107,15,April    ,2,2022-04,2022-2,1913
2022-05-05,2022,2,5,5,4,125,18,May      ,2,2022-05,2022-2,1914
2021-11-22,2021,4,11,22,1,326,47,November ,4,2021-11,2021-4,1915
2022-10-24,2022,4,10,24,1,297,43,October  ,4,2022-10,2022-4,1916
2023-03-30,2023,1,3,30,4,89,13,March    ,1,2023-03,2023-1,1917
2021-03-07,2021,1,3,7,0,66,9,March    ,1,2021-03,2021-1,1918
2023-04-05,2023,2,4,5,3,95,14,April    ,2,2023-04,2023-2,1919
2022-04-15,2022,2,4,15,5,105,15,April    ,2,2022-04,2022-2,1920
2020-12-07,2020,4,12,7,1,342,50,December ,4,2020-12,2020-4,1921
2022-10-29,2022,4,10,29,6,302,43,October  ,4,2022-10,2022-4,1922
2022-05-22,2022,2,5,22,0,142,20,May      ,2,2022-05,2022-2,1923
2023-05-04,2023,2,5,4,4,124,18,May      ,2,2023-05,2023-2,1924
2022-09-10,2022,3,9,10,6,253,36,September,3,2022-09,2022-3,1925
2021-06-18,2021,2,6,18,5,169,24,June     ,2,2021-06,2021-2,1926
2021-09-21,2021,3,9,21,2,264,38,September,3,2021-09,2021-3,1927
2022-04-15,2022,2,4,15,5,105,15,April    ,2,2022-04,2022-2,1928
2021-07-15,2021,3,7,15,4,196,28,July     ,3,2021-07,2021-3,1929
2021-01-13,2021,1,1,13,3,13,2,January  ,1,2021-01,2021-1,1930
2022-12-14,2022,4,12,14,3,348,50,December ,4,2022-12,2022-4,1931
2020-11-17,2020,4,11,17,2,322,47,November ,4,2020-11,2020-4,1932
2022-12-13,2022,4,12,13,2,347,50,December ,4,2022-12,2022-4,1933
2021-09-10,2021,3,9,10,5,253,36,September,3,2021-09,2021-3,1934
2022-04-15,2022,2,4,15,5,105,15,April    ,2,2022-04,2022-2,1935
2023-04-25,2023,2,4,25,2,115,17,April    ,2,2023-04,2023-2,1936
2020-12-26,2020,4,12,26,6,361,52,December ,4,2020-12,2020-4,1937
2022-05-24,2022,2,5,24,2,144,21,May      ,2,2022-05,2022-2,1938
2021-05-31,2021,2,5,31,1,151,22,May      ,2,2021-05,2021-2,1939
2021-12-24,2021,4,12,24,5,358,51,December ,4,2021-12,2021-4,1940
2021-05-08,2021,2,5,8,6,128,18,May      ,2,2021-05,2021-2,1941
2022-09-12,2022,3,9,12,1,255,37,September,3,2022-09,2022-3,1942
2021-04-02,2021,2,4,2,5,92,13,April    ,2,2021-04,2021-2,1943
2020-11-13,2020,4,11,13,5,318,46,November ,4,2020-11,2020-4,1944
2023-04-15,2023,2,4,15,6,105,15,April    ,2,2023-04,2023-2,1945
2021-03-27,2021,1,3,27,6,86,12,March    ,1,2021-03,2021-1,1946
2021-11-13,2021,4,11,13,6,317,45,November ,4,2021-11,2021-4,1947
2022-02-03,2022,1,2,3,4,34,5,February ,1,2022-02,2022-1,1948
2022-08-24,2022,3,8,24,3,236,34,August   ,3,2022-08,2022-3,1949
2023-02-12,2023,1,2,12,0,43,6,February ,1,2023-02,2023-1,1950
2022-03-05,2022,1,3,5,6,64,9,March    ,1,2022-03,2022-1,1951
2020-08-12,2020,3,8,12,3,225,33,August   ,3,2020-08,2020-3,1952
2022-06-13,2022,2,6,13,1,164,24,June     ,2,2022-06,2022-2,1953
2021-09-23,2021,3,9,23,4,266,38,September,3,2021-09,2021-3,1954
2022-03-18,2022,1,3,18,5,77,11,March    ,1,2022-03,2022-1,1955
2021-10-25,2021,4,10,25,1,298,43,October  ,4,2021-10,2021-4,1956
2020-10-23,2020,4,10,23,5,297,43,October  ,4,2020-10,2020-4,1957
2022-06-29,2022,2,6,29,3,180,26,June     ,2,2022-06,2022-2,1958
2022-05-08,2022,2,5,8,0,128,18,May      ,2,2022-05,2022-2,1959
2020-09-14,2020,3,9,14,1,258,38,September,3,2020-09,2020-3,1960
2023-03-16,2023,1,3,16,4,75,11,March    ,1,2023-03,2023-1,1961
2023-04-02,2023,2,4,2,0,92,13,April    ,2,2023-04,2023-2,1962
2021-10-29,2021,4,10,29,5,302,43,October  ,4,2021-10,2021-4,1963
2023-04-05,2023,2,4,5,3,95,14,April    ,2,2023-04,2023-2,1964
2022-12-12,2022,4,12,12,1,346,50,December ,4,2022-12,2022-4,1965
2021-09-28,2021,3,9,28,2,271,39,September,3,2021-09,2021-3,1966
2021-04-08,2021,2,4,8,4,98,14,April    ,2,2021-04,2021-2,1967
2023-04-20,2023,2,4,20,4,110,16,April    ,2,2023-04,2023-2,1968
2021-06-11,2021,2,6,11,5,162,23,June     ,2,2021-06,2021-2,1969
2020-08-15,2020,3,8,15,6,228,33,August   ,3,2020-08,2020-3,1970
2021-10-08,2021,4,10,8,5,281,40,October  ,4,2021-10,2021-4,1971
2022-03-31,2022,1,3,31,4,90,13,March    ,1,2022-03,2022-1,1972
2020-09-17,2020,3,9,17,4,261,38,September,3,2020-09,2020-3,1973
2021-09-21,2021,3,9,21,2,264,38,September,3,2021-09,2021-3,1974
2022-02-24,2022,1,2,24,4,55,8,February ,1,2022-02,2022-1,1975
2021-02-04,2021,1,2,4,4,35,5,February ,1,2021-02,2021-1,1976
2022-01-19,2022,1,1,19,3,19,3,January  ,1,2022-01,2022-1,1977
2020-10-14,2020,4,10,14,3,288,42,October  ,4,2020-10,2020-4,1978
2021-12-17,2021,4,12,17,5,351,50,December ,4,2021-12,2021-4,1979
2022-02-14,2022,1,2,14,1,45,7,February ,1,2022-02,2022-1,1980
2022-08-25,2022,3,8,25,4,237,34,August   ,3,2022-08,2022-3,1981
2023-01-03,2023,1,1,3,2,3,1,January  ,1,2023-01,2023-1,1982
2021-12-12,2021,4,12,12,0,346,49,December ,4,2021-12,2021-4,1983
2020-10-08,2020,4,10,8,4,282,41,October  ,4,2020-10,2020-4,1984
2021-02-16,2021,1,2,16,2,47,7,February ,1,2021-02,2021-1,1985
2022-01-29,2022,1,1,29,6,29,4,January  ,1,2022-01,2022-1,1986
2022-11-15,2022,4,11,15,2,319,46,November ,4,2022-11,2022-4,1987
2021-06-15,2021,2,6,15,2,166,24,June     ,2,2021-06,2021-2,1988
2022-09-21,2022,3,9,21,3,264,38,September,3,2022-09,2022-3,1989
2020-09-02,2020,3,9,2,3,246,36,September,3,2020-09,2020-3,1990
2020-12-09,2020,4,12,9,3,344,50,December ,4,2020-12,2020-4,1991
2022-04-19,2022,2,4,19,2,109,16,April    ,2,2022-04,2022-2,1992
2022-08-17,2022,3,8,17,3,229,33,August   ,3,2022-08,2022-3,1993
2022-01-12,2022,1,1,12,3,12,2,January  ,1,2022-01,2022-1,1994
2020-10-17,2020,4,10,17,6,291,42,October  ,4,2020-10,2020-4,1995
2021-03-03,2021,1,3,3,3,62,9,March    ,1,2021-03,2021-1,1996
2023-04-06,2023,2,4,6,4,96,14,April    ,2,2023-04,2023-2,1997
2020-09-06,2020,3,9,6,0,250,36,September,3,2020-09,2020-3,1998
2022-03-29,2022,1,3,29,2,88,13,March    ,1,2022-03,2022-1,1999
2021-01-27,2021,1,1,27,3,27,4,January  ,1,2021-01,2021-1,2000
